id,label
4433,89
1251,77
0068,15
5635,119
6496,162
6742,101
3460,173
6291,134
0737,188
9502,110
5762,58
6410,1
2435,58
2822,130
9788,196
2308,54
8062,180
5269,191
6478,31
0663,111
5388,119
9661,170
8798,90
3339,11
8794,36
6367,48
5322,42
7227,82
0924,83
4918,96
7416,30
1542,170
4250,7
8917,140
2967,54
2882,1
6643,157
0225,47
9545,168
4262,121
5280,190
2722,93
5757,45
3360,140
9276,48
3319,63
7871,133
9068,103
5133,12
2831,93
4733,129
3879,153
8161,101
9979,45
9949,121
9048,132
3593,188
6934,157
6495,20
5607,117
7428,121
1161,83
1893,92
3223,37
1403,129
6840,42
4535,40
0572,153
4719,87
0774,93
2647,52
7917,38
1318,66
5547,36
3976,170
7888,191
0911,83
3396,58
9761,38
2932,39
0425,81
2196,151
5374,155
7919,51
8699,55
7987,36
2204,27
2960,2
7415,5
3061,123
8066,132
0074,65
3506,9
5566,134
8343,188
0280,88
1896,95
5215,69
7549,60
3388,61
8352,182
1561,125
5248,129
3211,8
8503,27
3267,8
6155,148
3235,124
2334,36
8030,169
0883,27
3711,167
5644,25
5115,8
0613,15
7313,126
9200,138
1787,158
1228,55
4199,104
8126,159
0302,6
0503,52
7520,16
3245,83
4747,188
8715,177
2142,32
3875,66
7328,8
5220,195
3912,111
8525,197
7333,191
6120,104
2384,110
2425,21
5327,189
2028,17
6613,103
2606,129
9123,43
4177,185
2202,180
2408,139
2390,83
0100,49
7592,37
5023,185
0693,157
8886,151
5466,180
2544,192
6433,43
1148,182
0409,39
7312,32
3421,33
4621,75
9551,95
0903,35
1178,67
0729,192
5028,26
4893,64
3867,91
1072,48
7849,133
1928,117
6853,179
1121,102
2148,23
5056,28
1309,49
5066,99
0296,12
3035,195
3075,183
8463,109
0500,81
4519,79
9019,53
9795,93
8656,55
4609,77
9249,19
8812,118
4094,0
5159,42
9007,142
1245,78
1321,38
6097,107
1715,191
1518,127
2097,92
8105,159
0876,198
4988,185
7645,46
7195,157
2336,17
5688,151
2009,196
3923,34
6771,127
1376,46
9179,185
7352,92
3750,73
7398,121
0631,165
7065,72
0373,112
8901,81
1960,59
2472,138
2504,108
5424,197
1577,54
0156,153
8547,97
6980,122
9544,135
1505,1
8367,81
8283,77
3739,109
6712,11
2575,126
2798,113
5801,171
7885,19
4940,170
0253,101
1287,37
2395,112
4459,17
0162,40
8021,40
6374,44
0441,77
9592,191
7692,102
5673,49
8486,79
7007,198
1258,60
4159,114
7275,20
4212,144
8832,111
2894,58
7622,198
3580,191
7507,170
5709,8
9770,141
5216,50
3834,59
8497,169
4557,142
1238,173
9464,130
7274,51
4592,42
3709,151
3943,180
2816,187
2047,45
2665,46
6610,177
9491,38
5119,77
5965,51
9813,141
7738,182
1025,44
9154,39
7077,91
7807,8
8565,188
5343,173
3965,6
2661,180
1007,199
7171,96
3462,48
3983,90
2881,37
4671,152
3844,54
2613,191
6342,114
4827,97
8258,185
7011,90
0208,74
7158,177
5202,187
9372,131
1562,173
1348,157
3336,121
7174,116
0392,124
6212,173
4718,144
3657,119
4143,106
9032,41
1489,114
4446,137
4027,25
9231,51
3401,59
9673,27
7025,96
3233,113
6827,152
5720,36
6684,76
4657,141
4045,185
2748,196
9724,83
5672,173
1336,83
6855,158
1112,187
9642,67
6569,90
5800,180
0234,151
8311,17
3231,33
6117,36
7844,64
9347,26
9293,44
2997,20
0005,155
2022,185
9182,179
3419,129
0022,107
1981,30
7209,54
0889,161
0475,30
9241,21
4245,8
7625,196
1097,174
6436,192
5861,185
2587,12
5557,30
4277,130
8684,8
0310,2
1609,31
7732,121
8755,176
8025,81
8852,51
9513,20
9635,110
1713,44
3253,64
3482,56
9880,138
8530,127
8133,83
0096,8
5380,98
8401,191
0732,173
3848,107
7375,72
3985,76
9079,165
0708,55
4613,98
4850,61
0444,57
1802,148
9849,86
6243,128
1150,170
4986,68
1632,144
9493,65
2760,193
1052,106
3032,7
4260,20
5702,39
6133,121
5047,123
9552,20
6660,30
1856,36
2088,156
3993,149
0177,27
8523,11
0533,27
8139,18
6549,159
9800,44
5432,4
1482,45
0259,92
9478,59
7406,95
6831,185
0195,120
6487,151
6365,127
9117,55
2902,196
3212,14
9480,37
6874,22
9792,187
8986,135
1991,107
5651,139
3526,125
4068,102
4149,130
6520,161
8686,46
4076,165
6307,55
5520,2
6315,106
3478,49
2279,28
1016,16
4891,182
1224,159
2374,64
6272,72
1452,130
0720,173
0667,121
2993,22
6203,8
7229,71
8597,95
2203,145
3643,81
6036,78
0545,117
2254,115
4067,42
0544,46
9946,51
3973,102
0138,85
3092,40
4488,66
2857,108
2355,193
4483,60
3857,5
9230,148
4703,125
5383,123
2191,19
3777,42
2863,197
3406,196
4673,159
5700,30
9562,9
3610,81
8839,50
5440,135
0064,198
0452,176
8964,191
7839,50
7201,55
0242,106
3852,173
9129,45
1091,51
9095,58
2867,188
8242,131
6881,135
8096,118
0202,58
1203,124
4235,185
9930,107
2602,63
3490,115
2087,49
2080,18
5885,26
6228,96
6224,45
9130,67
8782,74
7676,104
0072,187
5735,37
6283,194
5877,159
8280,4
3284,131
8351,155
1736,155
7337,32
5914,110
3567,168
9453,56
1575,98
1684,37
1032,146
0003,131
1037,185
0658,129
9924,198
8635,149
0843,2
6204,92
6970,77
1379,69
3062,132
5674,161
2342,151
8655,183
0608,95
6482,199
3066,90
9140,55
1738,72
8243,196
7925,19
6240,112
7827,133
6502,64
3109,21
8707,81
4964,182
6491,58
0817,48
8906,140
7713,19
6199,6
0376,188
0861,193
8520,169
6885,98
8100,88
9114,1
4383,180
5417,189
1532,117
5728,188
1782,49
3347,122
8131,36
5847,143
5630,97
9516,120
9830,78
1836,177
8080,130
3227,157
0560,167
7932,121
3513,121
2935,127
5257,95
4883,159
5408,114
7693,159
6800,16
2348,92
2824,94
7017,102
9338,142
4232,192
9526,123
3222,193
2574,147
7587,184
7572,14
2190,56
8976,37
2432,145
0541,37
1159,173
1014,91
6515,182
5916,28
1921,42
5894,158
8607,8
4081,144
6909,28
0773,8
5015,92
7727,113
6399,129
1556,51
9316,159
0257,31
8488,151
5146,48
8536,99
8749,83
1683,78
0153,192
3815,130
6716,173
5264,123
7305,169
4231,19
9864,17
4963,87
7390,162
5825,126
4392,82
5640,168
9031,36
9155,52
3950,118
1405,83
3982,10
2398,82
0997,121
5822,44
7608,124
6497,61
3238,41
0805,30
6698,61
4853,34
2911,119
3856,139
8215,9
5686,129
4689,191
4168,183
3595,111
8512,33
4934,185
6010,183
4922,173
6533,81
6462,198
5578,81
6222,121
0071,56
2208,42
7199,154
1776,102
3653,193
0728,17
4258,198
7369,91
0359,52
1758,15
5552,27
4347,102
9575,199
0540,156
5844,142
5746,193
9151,30
2580,167
3517,123
3951,119
6814,196
0067,127
8470,121
5841,91
6174,138
1768,19
2304,64
2931,69
0813,151
8072,77
6825,27
8091,171
5137,168
2493,37
3771,2
2162,76
1661,95
6369,131
5132,142
2115,8
7653,159
8690,191
5093,130
6377,60
9913,142
8772,149
4411,141
2232,123
6420,197
9969,146
0875,22
0277,32
2795,106
0093,55
0847,8
1697,130
6978,198
5467,126
5756,137
2943,199
4700,61
7089,109
3579,96
1617,8
7493,118
6599,6
9235,37
7142,184
6990,104
3742,169
6753,20
8187,129
3503,23
8861,37
6728,187
8792,92
6001,22
7944,186
2583,195
0364,61
6886,137
5454,59
8170,1
1235,124
7546,188
1840,134
7612,107
0822,26
1214,157
3703,134
4783,180
5345,126
1703,144
2679,61
2027,6
2624,178
2451,149
4839,92
4060,28
4463,170
6005,180
2862,124
5821,81
6965,163
8174,159
1564,36
7249,4
6701,11
9594,92
4033,81
3851,151
3496,25
8568,26
1241,61
7466,187
9973,198
7203,108
0033,117
7303,54
0718,129
9046,106
6221,95
1888,9
8020,197
5139,188
4375,27
1162,77
1680,6
1818,185
0015,165
5149,59
2563,69
2194,135
7208,51
1863,191
2681,183
1296,38
0119,102
7217,192
0164,102
1249,189
6788,113
1470,193
5052,57
1861,197
3254,26
0008,6
1706,78
2984,4
4160,188
7911,58
0754,36
3630,51
8441,131
0848,88
5182,84
6301,153
9643,151
3671,72
9625,110
2231,30
9459,159
0430,55
2321,40
9999,157
4049,45
2076,182
2974,182
5342,59
4540,33
1503,4
8115,129
8514,159
9566,197
7564,107
8810,12
3268,92
5633,46
6725,188
9976,30
6047,30
1123,113
5978,104
5409,146
0387,191
7943,89
5981,158
0927,148
8417,65
1855,27
5763,118
9218,82
1712,12
8640,107
1299,186
3328,135
7616,27
4832,39
3656,187
4388,99
8837,77
1634,115
0543,14
0827,167
4021,19
8760,60
1106,19
6977,64
2450,46
4238,69
7041,3
5806,98
7418,86
4026,132
6878,167
9706,145
4014,36
3423,110
9835,14
2492,157
9216,114
9306,137
1341,191
5531,19
6553,159
7093,17
0120,183
1271,36
5092,176
7979,193
4089,100
7926,14
5860,130
2468,67
7674,49
0123,114
6017,112
3173,188
4322,42
0427,33
9118,183
7936,147
0276,43
2434,119
1393,104
0045,141
6335,151
8159,162
7155,50
6396,98
2114,149
6964,60
2858,130
8623,159
0598,20
4103,47
9028,123
8613,97
7741,142
1453,106
3357,40
8567,128
1583,124
0366,16
4334,114
7471,151
7537,67
8107,8
5903,106
1331,8
1122,38
6961,122
8526,188
5193,1
6053,117
3869,76
3928,61
0282,90
4035,114
5905,34
8728,156
6443,6
6818,1
0255,42
5751,31
6747,39
9170,180
0570,67
8360,12
3368,184
1937,58
5785,9
5998,197
7224,124
1864,96
6775,124
0030,95
4543,161
2394,120
6022,60
4895,148
0555,180
6144,173
1167,26
7801,2
6571,199
8378,100
4692,91
1478,12
8659,15
5176,182
5434,35
9505,159
3441,36
5242,116
0248,134
7695,167
4643,71
4219,86
8663,101
4335,197
6606,183
8657,116
7139,135
3156,10
5243,19
1700,196
1576,123
7596,168
3796,56
2663,37
8227,129
5314,174
3225,7
7437,114
8740,102
7112,185
6213,39
6456,83
8893,6
2996,38
9277,18
5966,66
7514,60
1744,128
7555,91
0536,149
6423,158
4838,92
0679,167
0964,183
7391,134
1472,137
7479,107
9877,3
3386,28
7858,23
1508,59
4431,163
3997,189
4955,127
4144,176
9087,70
0210,48
1767,17
8957,98
1190,92
9366,193
3787,108
7005,121
9432,197
1189,25
5880,193
6077,128
4284,83
2630,91
1526,102
9173,139
1930,157
7435,79
7020,139
6538,185
7311,6
1543,177
9367,130
1456,129
3343,102
8949,185
4972,90
2888,193
5398,27
1142,119
9738,129
2865,33
8487,17
8510,129
1010,185
3897,129
9748,100
8327,172
0443,4
7321,18
3589,179
6556,185
6099,161
5832,39
2614,96
2131,112
9211,145
0144,163
9550,183
9180,91
5790,180
1307,102
5829,196
7815,173
8132,151
1852,131
7096,94
3063,118
3134,65
3325,143
5276,19
3707,145
3981,34
8296,58
6098,128
6171,129
7838,161
8582,193
2209,8
5378,28
9811,77
2029,50
0912,18
3304,157
2212,185
8627,125
9399,5
4271,81
2778,165
7152,122
8234,21
9248,151
5077,98
2211,84
0146,183
8606,116
7113,100
6304,84
1629,75
6652,37
5441,120
9853,141
0868,176
0928,77
8823,176
8316,80
8889,15
5299,72
8169,185
9469,125
1733,37
7022,193
7682,111
4190,128
2005,117
0733,66
1799,26
3310,95
8325,126
7288,125
6617,199
3769,58
5793,6
0275,106
8731,5
3466,142
4186,96
2116,86
3659,197
6250,86
6692,55
5879,7
2272,185
8869,156
4310,125
9542,58
8176,111
4539,28
2260,166
6407,98
4042,135
5740,130
8389,173
5807,185
1222,125
8820,64
5874,106
0493,81
2978,107
7675,30
9428,128
8955,180
5871,30
6211,23
4485,128
3876,0
6063,81
9240,99
8430,153
5114,90
1187,68
5958,154
5279,185
8954,177
1030,109
6797,47
8364,13
3340,146
6870,193
3483,36
2620,35
3961,135
7714,97
4566,128
2995,157
8193,130
8859,120
8418,78
9985,78
2638,173
3425,19
7336,107
1850,169
6654,188
8407,123
5959,126
8124,128
6459,129
4194,44
2815,48
6584,68
9610,65
8818,151
3191,59
4055,20
8754,68
9331,86
8710,40
7129,13
2781,60
2578,147
6983,43
8634,134
4803,46
9341,48
4735,96
9836,36
7450,44
5973,192
3533,130
3600,23
6824,40
2445,74
5492,92
9807,17
9467,178
6687,45
3453,112
8163,95
1933,104
8961,102
9045,131
0483,86
2645,185
9066,78
5319,179
7545,36
9867,164
6440,42
1971,75
3858,106
5935,23
5113,25
8275,101
0497,26
2482,26
0221,179
7059,55
1073,148
9370,128
9925,13
4623,74
5377,116
9286,155
5204,63
3376,106
0279,123
8824,116
0731,46
1519,114
9163,44
9774,101
0584,151
0127,86
8788,175
3524,26
2949,7
1612,187
2094,141
5051,78
4400,116
1395,44
6837,23
4355,63
2818,149
0619,77
9803,157
6004,130
0901,121
6135,81
1153,41
1266,96
5971,20
7711,116
2078,149
5425,152
3391,156
3500,151
5363,35
1446,36
0644,33
2667,147
6915,47
5715,135
5852,142
8990,90
3471,35
7878,183
3545,117
3546,193
5053,125
2623,17
3216,172
4550,191
3090,154
1640,84
3163,102
2985,61
6337,102
0060,30
4961,51
7547,142
8854,19
9150,123
6264,80
1401,44
4841,155
8189,72
6570,110
4995,54
1835,78
6472,51
4498,149
4822,11
6695,155
6973,30
9484,47
8154,106
0891,159
7519,129
5891,188
0470,172
8844,132
5118,119
7085,170
5770,119
0159,106
3434,107
7800,7
5283,18
7667,57
8747,85
9697,155
3148,159
1962,26
8093,20
5461,102
8409,36
5643,36
0457,191
8344,39
0374,19
0954,180
7010,3
1709,87
3085,3
2906,44
4395,21
5943,149
4072,173
7565,84
1920,98
2119,22
2285,92
7341,59
3201,23
9077,189
0800,90
7861,149
5663,132
2018,96
2051,8
1898,125
6780,57
5838,122
8936,183
1036,3
6975,184
7557,196
6351,122
3543,83
7251,16
8477,182
5748,135
8035,36
3433,154
8851,26
9898,105
7604,52
2921,51
0078,102
7478,56
2352,25
8251,44
4634,123
2612,199
3006,62
8848,106
9682,26
7869,166
2292,42
3022,77
0913,152
8583,3
7595,107
9025,170
2734,60
6554,92
0462,129
8335,19
9879,144
8082,187
0151,72
8735,131
5029,93
6552,183
9919,191
1136,149
1024,129
9565,73
2415,60
6226,124
6937,1
4229,149
7216,85
2600,91
0539,39
8256,33
7728,47
6286,83
2266,153
6647,74
6985,96
0150,18
9080,147
5897,182
5514,185
8799,18
7070,112
0334,88
5918,69
0899,198
4410,6
8946,102
8515,132
9868,37
8911,98
5951,154
7052,123
3145,70
6233,135
0338,22
3889,91
6794,130
6206,93
2306,169
5803,59
7138,8
8272,110
0198,184
2619,67
9371,28
9797,193
6925,6
0507,109
2674,112
3047,126
6779,132
4518,107
2255,98
8697,158
1056,51
5568,25
2959,29
3842,32
3013,69
4992,191
6112,3
8885,142
2599,198
6317,6
8146,128
4909,28
2742,161
6891,4
8384,132
5158,146
2699,116
0317,84
0586,60
5614,155
7626,27
9100,13
6952,154
6562,47
7569,118
1626,159
7489,135
2754,17
8579,117
8822,26
7949,64
3176,80
5100,54
9292,101
0915,54
4503,12
6388,198
0209,30
1749,193
1315,185
5354,122
3418,125
9495,36
3188,77
7458,151
7976,97
8951,83
6298,118
7125,59
0611,105
9873,58
0192,182
7297,125
2607,92
6597,180
0343,8
9417,26
3190,77
0181,55
7890,159
6480,46
7562,118
1311,8
1757,185
9199,63
8255,106
2757,185
0038,34
2361,69
8694,90
7747,39
0852,106
5449,18
3248,64
2773,46
2462,179
6852,156
8880,170
3733,107
3655,59
7819,36
3308,162
7331,178
7163,110
3086,112
1021,159
6526,115
1658,98
3915,185
4482,64
7023,25
4962,189
2992,168
4057,86
7463,40
0324,6
3952,8
4612,72
4266,20
4785,73
6590,188
7173,44
5460,197
4386,46
9619,173
3270,33
6195,177
2058,108
6231,142
5317,123
4651,6
5275,90
9974,189
8282,29
5639,112
7922,172
3896,138
4182,43
8425,146
0314,90
9557,173
4547,32
6646,193
0678,12
5955,150
1476,26
3565,152
4931,25
7030,185
9219,3
2422,170
1209,182
5641,131
1012,178
7438,129
2697,77
2820,16
9414,151
7387,1
5694,177
3400,165
1875,95
9311,32
9081,134
1261,81
2354,98
6969,19
7132,88
5069,105
9358,33
0548,45
3348,165
9053,40
6357,129
5586,87
2944,158
3335,160
2108,174
0258,84
6783,102
3236,123
2286,0
7496,105
2004,55
2968,1
3137,55
2368,164
7062,75
6644,135
2247,185
4494,35
1567,192
6068,121
8649,24
5742,27
9819,154
0767,7
0932,161
7726,112
0272,164
4115,172
1889,64
7061,135
4517,128
5594,112
6055,19
9971,3
6823,116
0051,148
9368,7
2627,83
1027,12
8459,148
3448,70
8540,143
4338,134
0566,60
8575,62
5346,106
5743,79
4530,81
0178,183
5312,128
0612,158
7951,66
4489,13
1624,6
0112,135
7918,194
7561,37
8373,85
7074,148
8518,159
2313,157
5626,37
5271,186
5272,198
1500,54
2928,26
2217,2
2942,96
8501,176
6029,12
5039,101
6566,192
8817,173
8846,33
1914,189
2571,84
2378,69
5017,106
7907,137
8801,45
7659,86
3946,173
8973,108
6467,193
9037,61
0537,128
3812,36
6537,1
4044,101
1304,131
8379,162
1688,23
5503,98
5952,188
9076,51
4114,8
8531,12
7706,95
9891,91
9793,72
3920,134
4084,176
1147,141
6799,37
7629,180
1832,176
4840,165
6713,30
8508,6
9232,91
0835,52
5505,121
5767,43
0054,91
1260,37
0722,81
2199,80
1975,151
5437,9
7285,165
4071,131
3144,162
4209,57
0556,124
1857,87
9630,29
7877,46
2127,115
2717,56
0514,122
1540,14
4233,112
7143,18
4289,25
8723,93
2811,31
8626,154
6508,81
4691,144
7968,144
8428,134
1557,178
5018,97
7236,133
8036,8
3689,67
5304,44
1555,83
0778,50
8455,149
3991,146
1411,23
1057,55
5080,135
1357,173
0037,180
0859,106
1668,108
5804,152
0009,101
8271,152
7047,31
2952,105
9063,26
7860,159
9802,150
7563,102
9716,31
5792,173
2809,180
4065,156
0368,43
2738,8
3374,56
7796,8
7221,96
3271,128
8040,74
3692,96
0171,45
9658,158
5256,101
9554,132
7644,26
4408,81
9786,197
1793,183
7581,81
8804,116
2643,84
4898,50
6142,187
4993,129
4391,59
3921,195
9997,18
2561,27
0626,137
3907,68
1645,102
4292,143
4407,78
8264,77
5522,166
3822,43
6667,196
8998,39
2892,6
2933,22
4385,173
1648,98
1789,60
2227,115
9427,80
5499,113
0207,67
3770,112
4496,98
1607,114
9302,187
9190,113
8164,102
9603,35
8591,63
2477,44
6474,87
1213,102
9041,135
5773,80
4731,98
7503,23
5421,83
1015,38
3162,58
1253,165
9121,22
7204,135
8879,94
4461,83
5652,83
3995,7
0582,131
2502,136
3427,106
8587,193
3059,48
9374,106
2672,19
9078,120
3014,189
1560,146
4867,6
3379,165
5203,67
4836,131
4018,107
1839,58
0270,91
1096,161
4100,68
8574,55
4279,72
3881,183
8004,8
8359,163
8622,117
8267,96
6347,194
8748,40
5026,36
8785,86
9953,43
6631,81
6988,62
1597,63
0742,135
8905,35
4302,180
9411,85
7897,96
0529,163
8375,52
4847,27
6071,55
8130,39
1252,91
5538,42
1131,12
5815,160
2277,125
2175,93
2037,189
2999,48
7577,91
1103,129
3487,159
0429,136
9419,97
6493,123
0058,49
8779,44
1374,168
1212,77
6464,54
7289,101
4604,83
7078,123
3846,90
3960,143
0404,122
4449,131
7468,186
4936,95
8517,188
3023,197
6991,156
2105,34
4695,77
0415,50
7499,176
5714,45
0172,166
1396,40
6521,191
3008,40
0762,52
8802,172
2579,33
0948,179
8672,63
0147,26
4164,155
4362,45
7315,168
4510,153
4451,33
2847,128
9764,112
3199,142
1741,83
0464,20
6887,91
8712,92
6611,151
4876,1
0922,20
7040,123
7962,198
7220,192
7105,109
8003,132
4169,102
6450,21
8509,64
3753,25
5716,11
5367,132
5915,192
3909,14
2986,136
7623,180
6857,90
6539,129
2783,145
2424,3
1390,55
1925,162
7512,61
3459,38
9656,93
7752,58
2475,193
1510,196
4329,63
5068,161
6600,135
9295,19
0458,67
9208,28
8549,125
2236,116
4915,81
2320,190
5570,18
6198,67
7081,128
4341,16
6481,157
5198,99
5273,26
2529,123
2691,188
1050,101
5620,89
2979,118
6121,87
9388,146
4947,165
7019,129
9576,134
8356,130
0542,11
7051,176
7206,90
1303,94
9305,14
1093,92
6986,114
7803,110
9036,105
5608,22
4227,191
5837,121
6912,19
5983,85
0145,33
4039,183
3398,122
6438,188
6130,64
7628,179
9113,12
1451,116
0465,156
2969,194
6346,89
6044,113
5348,188
6933,188
8641,118
8138,119
0294,21
4453,155
4730,65
5415,132
8034,3
4881,55
9517,177
8878,162
6447,77
1275,92
3926,4
3734,172
7343,125
4606,155
9895,36
6051,197
6025,21
6421,11
8019,13
7309,78
1370,106
0724,139
0393,40
4714,111
3538,26
0673,13
2907,171
4744,182
6723,55
3584,79
8200,36
0028,43
0494,116
6755,184
4188,63
4594,159
9918,187
5489,136
7736,12
3962,112
5704,169
4252,136
0655,102
2522,111
5351,93
6008,60
8221,51
5591,169
6425,15
0148,43
9254,154
4270,30
8452,53
5228,161
5399,111
9928,186
5144,42
8456,91
4296,46
8248,123
6943,102
3919,97
1828,152
3908,81
2656,107
8434,60
5436,118
6715,86
0397,124
2218,25
4756,83
0184,129
1665,66
4376,112
2766,185
4572,56
8297,86
4311,132
5986,155
0535,159
5302,86
0867,30
3800,52
1796,162
5659,49
8149,116
3776,38
8598,65
9498,81
2910,18
2307,139
3239,37
0933,97
7271,142
1848,81
3493,146
7804,174
8467,129
2248,188
3696,40
3392,91
5698,148
6295,30
5010,74
3519,108
6139,177
8067,9
7683,109
1081,176
0595,0
2513,118
2848,8
3850,168
5316,6
9379,170
1663,43
3910,125
0424,192
7510,0
4378,72
0199,178
2690,191
6072,53
1017,60
1171,170
2649,198
8539,168
1655,8
5769,27
1111,102
8121,193
4138,30
6809,66
4750,165
5805,149
7473,27
3358,147
8157,54
6287,28
5809,28
3215,91
0080,106
6458,5
6898,60
5284,160
2032,91
2295,68
7237,56
0328,62
6974,102
6872,79
6871,83
0046,159
6836,102
4234,111
0691,138
2147,121
1230,121
3542,91
7402,148
9477,61
0434,142
8006,159
5816,161
3570,151
4769,107
4348,135
0712,24
4423,150
6042,47
9573,127
3627,167
7624,38
8017,98
1979,26
2564,191
0101,121
8165,149
0103,180
9185,157
8250,91
4401,138
3488,193
2799,14
7446,196
7404,176
3110,130
7226,55
0902,197
1345,180
4854,2
7590,42
7781,123
3523,187
4340,172
4732,149
4901,56
5480,81
8651,36
3444,192
6905,77
0489,185
2885,91
9474,38
5527,82
1432,39
4835,66
1517,91
0134,147
1154,87
3367,114
4273,165
9456,50
0319,185
4328,55
1842,44
6848,28
8944,193
4155,140
7148,64
7965,140
9309,198
0016,123
7038,4
4225,191
9171,142
5192,27
9939,79
2411,58
2124,14
0477,34
2844,79
3980,116
0007,149
0862,10
7718,92
3905,6
6890,125
5964,3
3522,151
9710,191
9259,169
1537,111
7722,4
0935,182
4537,151
9144,159
0727,11
0809,48
5309,8
2879,166
5521,132
6863,157
0288,26
8570,164
4046,188
1163,142
6968,81
9162,188
4564,102
3586,129
6769,132
0422,159
1903,112
7884,137
9929,11
1344,104
6921,179
6506,6
3582,71
4205,17
7021,118
1028,22
1408,21
9644,79
7717,43
3609,135
1734,171
2686,11
7106,70
9960,80
4894,133
9472,64
3039,144
2065,154
4980,64
8007,176
4113,12
1496,142
5128,20
1409,35
6772,104
5163,56
0191,133
8529,198
1917,114
9385,118
6125,86
2185,168
5535,58
5799,178
4202,111
7257,91
4765,92
2720,134
5050,100
4879,68
4097,92
1936,196
2406,35
3893,114
0781,127
4228,96
7938,28
1590,16
5622,10
6579,42
3603,48
0979,73
4299,83
7575,69
3717,64
8333,43
1887,67
3172,159
8444,180
9344,145
1523,161
5486,12
3073,148
9524,124
3118,83
1907,148
2213,149
3220,10
0197,77
3106,8
0219,100
7765,128
9183,80
6664,17
6702,38
5086,163
1250,171
7205,134
9101,95
2305,118
2670,12
6147,26
8332,101
6703,114
4198,59
2234,38
0091,180
0056,170
1578,159
8199,112
4581,101
6733,198
5928,96
0940,15
1118,46
6227,34
6266,125
6182,127
2677,104
4237,173
8658,29
1844,88
5127,35
1615,173
9759,37
4007,149
5923,149
8191,173
7486,112
0941,97
6413,125
6054,37
4034,164
4805,26
7427,81
1192,53
1552,81
7361,21
5865,19
6403,184
6856,36
4956,74
7377,123
0332,27
8780,3
2001,80
6638,188
7715,188
7771,139
0916,6
1302,157
7270,99
6395,147
6218,194
2971,43
5295,158
8056,81
7039,183
5452,166
4865,125
5483,61
4705,180
8235,123
9677,50
9161,25
2392,134
2381,112
9226,6
5560,148
7055,16
1965,132
9671,180
3768,37
7934,72
2586,50
1627,109
9799,49
7233,28
5019,155
5873,92
9423,17
8309,72
0552,153
1657,113
9223,58
9085,193
2237,189
9806,183
9574,133
6683,48
7360,127
0167,107
0435,175
9267,19
1120,22
2608,172
3228,143
7737,107
3293,155
0455,157
4082,66
0182,107
7191,159
4297,171
6445,196
5406,51
2873,24
6193,123
5883,180
5031,54
3182,30
8548,117
0097,84
1063,173
9321,183
8647,55
9798,51
0583,84
3836,106
6432,50
4428,187
4668,39
1480,84
0065,107
2669,196
9567,97
7472,65
0098,125
9944,80
6186,145
3300,91
9687,149
1272,143
6330,25
7114,123
0188,4
7782,167
5502,104
1084,101
8896,12
1720,55
3623,163
0977,198
5356,177
7502,10
7175,25
9483,185
1172,143
8471,28
9593,127
9648,91
8136,82
0666,112
9122,100
9927,47
8781,33
4085,163
1194,188
8102,131
2516,90
0511,36
8029,127
5854,112
1095,159
9156,92
0439,91
8894,193
9169,4
0937,4
0108,149
2934,107
2298,122
3644,160
7553,180
9137,26
7705,98
2379,19
5645,171
5500,164
3015,157
5266,91
3569,49
0350,177
0410,184
2900,60
9255,72
7184,30
1494,23
4640,31
5353,98
3818,193
2300,94
1883,92
0036,124
9696,162
1140,114
9337,66
6370,157
8266,34
2164,17
2050,12
1506,22
9229,135
2031,8
7792,171
3632,13
0779,152
9111,59
5650,124
3714,189
7141,56
7526,77
8246,157
5718,87
0042,154
8506,117
8116,151
2007,59
7833,169
6901,6
7920,48
8883,15
2826,98
6519,101
4646,54
1300,18
3316,83
4593,169
6394,107
8808,12
6248,189
4357,198
5164,81
7868,125
2785,27
0741,185
6651,184
8660,161
2302,81
1176,34
0399,131
7842,146
5924,107
4737,64
8716,78
1513,157
5908,163
5099,7
2576,136
8538,44
9296,68
8166,101
9297,126
6593,56
4823,129
4353,138
8972,87
9202,173
2727,42
1808,197
4059,26
8682,151
1885,85
8604,173
6451,149
1198,180
9633,193
4779,81
7371,99
8807,167
5892,114
2629,6
9512,3
5808,8
0938,99
6468,198
5758,130
4693,35
5287,91
0423,60
6242,43
0403,64
9640,126
0510,198
3904,101
2810,72
9581,47
7058,113
5747,106
7852,161
7306,83
4154,26
2345,135
0640,61
8353,72
4659,18
7121,174
6658,78
1400,81
3314,20
3049,51
6682,17
4415,78
8580,38
1704,133
4093,110
4201,101
6777,183
2332,11
4806,138
7115,98
7963,23
8923,17
8411,185
8476,3
9010,76
5286,176
6895,100
2936,20
6935,56
8318,107
3688,167
4553,151
9390,105
7043,81
2357,30
1628,86
1196,52
8433,2
7724,162
2745,157
4930,58
6494,104
7994,159
7611,188
0806,142
7186,169
9614,177
2904,102
6021,91
6348,102
7958,84
6697,59
4885,45
5666,90
1599,185
4914,149
5320,80
3129,30
8210,35
3594,25
7982,10
8950,26
2732,175
6714,111
4745,156
7262,37
8350,117
8624,155
3005,98
6325,89
5360,111
3784,61
7945,125
4013,135
5667,182
7721,60
4852,180
5385,81
2441,198
7837,83
7525,19
7464,128
2284,115
7671,49
2075,155
5397,195
8043,177
0527,158
6082,103
9424,129
3057,58
6312,155
0254,50
4471,61
2700,84
4636,15
6238,183
7538,123
7758,178
8532,87
4196,185
6908,77
5105,173
3025,159
4818,96
8070,81
7953,129
1066,38
9958,102
9629,101
8558,185
5357,65
8051,185
2598,98
3697,62
3064,130
5780,66
5878,43
2658,165
1422,87
7658,125
6527,18
2755,149
7775,151
2983,63
0079,189
9776,135
8752,62
9009,49
0419,102
4223,82
8764,30
2448,4
7773,172
9870,169
9157,21
3695,86
6258,161
6016,64
5712,191
6392,194
4632,64
3573,81
5597,193
4366,54
9329,145
2716,152
2618,117
2132,158
4951,27
5708,198
4624,102
9968,83
3715,47
6507,135
0432,29
4736,8
6710,67
4759,70
6752,45
6745,134
8920,180
6217,34
2314,55
5062,132
3566,180
7084,151
0020,99
1337,37
5055,21
5259,111
7661,24
9885,102
0865,43
0863,141
5766,155
3730,177
2192,182
2796,0
6850,64
7582,95
0498,159
9726,129
5992,151
8653,51
1698,161
0795,127
1463,43
8982,69
7145,26
5024,45
0094,149
6386,87
9962,136
9839,135
6129,129
6748,105
4527,58
3260,44
4275,87
6276,22
2401,173
8303,45
0855,37
7900,78
1990,188
1445,146
7498,43
2491,107
1240,91
4247,106
3613,120
6324,74
4713,91
5781,37
4377,26
4436,29
7063,123
7972,100
9265,69
4749,122
2241,193
6741,80
8554,166
3682,44
2387,61
3295,149
8825,8
9422,159
5161,134
3845,46
8855,53
1259,179
4743,35
8550,108
0128,91
8680,94
1729,30
3055,185
2409,61
8770,91
4538,30
7442,2
8562,156
1216,8
3364,39
3411,132
1922,54
7902,36
5656,167
3230,138
9444,97
7307,4
4330,128
4614,102
2562,125
3385,58
1169,191
9746,139
3864,43
7101,33
8357,136
9553,7
7799,175
0830,6
5812,134
7989,101
4102,11
7556,79
1289,18
8872,193
2141,126
9314,40
6989,21
8899,50
3813,3
8484,53
9072,179
4833,133
5277,92
0026,77
6960,107
9133,176
5957,47
5195,182
0836,60
7400,68
6208,106
2763,134
4478,114
3184,195
1077,43
4580,48
7134,68
0466,102
3170,23
8842,179
6087,57
8962,179
6372,2
3616,17
0926,134
5484,127
7467,34
0522,187
0352,135
1101,133
8676,142
6179,192
8273,146
8564,191
7518,17
1130,61
3863,156
7245,129
0633,83
5722,112
4276,165
5530,128
3690,159
8198,87
3758,187
1200,173
3430,141
4513,83
8648,156
4804,83
1387,135
5058,51
7497,24
2761,183
6669,199
6670,118
6089,37
7090,125
6605,54
2505,160
0789,3
6528,34
2259,100
4509,81
7929,34
8345,155
0345,27
6565,138
3150,41
0421,131
3262,22
8442,33
3372,121
2823,107
3994,170
8590,41
9290,132
8637,38
5979,146
3449,14
3279,129
4243,95
8753,43
0688,155
6316,169
8178,10
3652,66
0379,43
5154,46
4661,2
5151,136
7475,20
3266,44
3624,105
7379,121
2918,193
1087,191
8385,182
1046,69
7202,107
4111,163
4628,46
1940,187
2382,149
6455,46
6299,95
6501,99
9584,185
5306,32
9827,154
8602,87
3508,4
5485,129
1977,34
4195,49
1919,89
1522,68
1141,131
2242,13
9256,100
5575,17
1779,130
3708,130
8947,52
0223,92
9781,64
2375,159
9135,13
2061,192
3320,92
7277,188
2174,165
9943,3
3068,121
2673,67
5036,130
3485,98
1781,151
8926,170
1846,19
0597,170
9779,137
7686,44
5723,113
1380,130
8377,26
5919,125
4306,107
7370,162
0006,177
4778,34
6326,87
2854,38
1954,176
4571,58
2769,197
5229,21
4447,125
7830,52
7162,183
8704,129
8223,16
4868,126
8925,196
6603,83
4784,115
9765,128
9959,183
0305,49
4717,157
8555,44
0330,126
7445,111
3179,83
1075,17
5210,95
4327,89
5977,198
3243,191
5081,48
6273,95
5324,127
6132,128
4647,53
4529,81
4360,134
1742,63
4897,178
3588,176
0534,19
9214,67
5834,96
2339,129
3322,101
0604,159
1473,46
1441,80
8081,46
7308,69
0249,17
7794,75
3700,186
9937,175
9721,64
3102,29
2855,124
6285,21
1953,30
8078,12
1491,69
9921,51
2111,193
6773,111
9717,106
0141,28
3955,132
9326,11
8059,70
0205,170
6511,186
6640,72
3183,51
3668,44
6575,83
7656,151
5205,72
2120,14
7193,55
3989,190
3169,134
5862,81
2245,148
9258,173
3720,17
3555,192
5030,165
7701,80
4746,72
6982,135
4536,192
0775,8
2828,170
9061,34
8790,173
4979,30
8689,128
4522,106
1591,181
5293,13
5890,53
6822,52
8809,193
9304,113
7903,44
4844,60
4175,161
8454,119
9152,100
3275,87
9801,83
0446,41
2793,29
9503,121
1460,135
2086,81
4462,173
2856,124
9050,173
4638,126
4796,86
5629,79
0161,19
7817,198
4921,8
0454,164
7941,157
0512,196
5904,108
1778,24
1461,8
9281,19
3450,106
8041,145
9766,148
0247,81
5048,105
2442,107
1841,123
2393,42
1367,77
1425,80
1910,179
4125,38
0286,101
1635,145
7327,78
4520,119
1949,123
8002,90
5332,159
9359,91
6483,173
7873,33
6015,141
2922,75
1099,38
9966,17
4430,30
8814,101
0166,147
7601,66
2189,137
3001,135
2945,167
3404,143
8400,158
1529,173
2651,185
9439,8
4003,102
6691,133
4843,6
2640,74
7589,74
0945,106
8074,39
2130,106
0445,102
8229,154
9777,29
5078,102
8127,81
6954,79
2046,89
5032,133
6167,70
6033,106
4442,121
9436,167
0988,183
3408,111
9986,44
6984,43
3756,156
5516,193
5330,83
4316,167
9481,161
9097,161
9636,43
0791,176
4903,3
3760,173
3925,26
0384,123
4339,134
1516,83
2759,78
0355,57
6477,33
3810,105
6559,126
3250,123
7198,148
3185,196
0201,197
4831,171
9840,21
2463,81
4418,151
7927,44
6415,1
9684,135
5168,128
3219,17
1326,91
1004,197
7304,123
6118,60
2139,121
9952,177
5305,48
2235,66
9318,30
6595,8
8069,58
5261,141
2718,162
7117,174
4712,28
4006,159
6444,15
5599,89
0453,127
6390,43
8298,8
8632,12
2067,106
6680,140
3321,92
5687,21
2048,99
4118,96
4941,18
9176,132
7983,92
2201,107
7528,76
0757,17
7154,78
0984,51
4191,44
7218,61
7847,60
8806,170
1070,187
0963,99
8795,107
9017,95
3200,25
2146,195
3764,91
9637,187
3298,163
5041,78
1805,18
7076,54
6038,170
3210,6
4350,46
1644,173
6992,31
0246,81
5954,54
5201,48
1656,145
0369,189
9397,96
7550,47
0173,7
9349,173
6165,95
7640,33
4382,49
6441,137
4563,107
7734,119
1897,162
4709,90
3931,113
6693,129
9980,87
7314,191
7533,78
3650,179
5384,148
2400,66
2875,149
9262,158
9560,123
7357,79
7048,148
3363,55
0766,40
4172,188
1973,51
2503,106
1520,173
2517,101
0880,159
8307,125
5553,81
0647,176
4813,12
9307,125
1605,104
7474,107
0914,43
9740,102
7071,107
9899,193
8930,161
6636,96
8997,111
8423,56
8374,51
2752,48
8293,140
0776,92
8638,129
9834,60
4985,193
9398,132
0864,188
6761,169
0506,50
0770,130
4507,69
5211,107
8436,167
9510,178
6332,123
9531,193
9734,142
0652,191
5632,135
9887,53
3870,189
5411,121
8474,37
9742,47
5496,23
5145,1
1092,192
8729,4
3902,107
7720,113
8789,51
9479,101
3628,35
5536,155
9102,55
0411,121
2914,185
3640,113
1455,58
7422,159
4991,183
3598,86
4419,3
2282,196
9486,193
3877,151
9264,38
0519,13
5497,26
2428,19
2683,77
2701,180
7753,76
3773,111
5984,28
2144,26
3817,34
6789,21
0283,84
7470,132
8148,19
1687,121
0884,133
4525,131
4135,82
8254,123
3890,37
4230,67
5724,21
7731,116
4658,33
4487,19
5382,50
0193,36
5866,115
0180,182
2113,161
7256,25
8365,98
2160,146
9191,158
1916,30
9818,79
8977,124
1377,26
2733,41
7350,18
8933,108
5073,98
1769,106
9815,20
7908,94
6903,152
3422,51
0293,192
8639,54
1211,58
3318,92
9236,134
9382,96
4062,155
8650,3
4213,48
8061,176
9758,163
8935,193
3866,101
2045,106
7366,77
8387,124
9449,26
0603,113
8071,104
5227,135
3307,173
3572,124
1726,148
3370,177
3791,46
4927,176
1869,121
8914,186
1158,73
2664,123
1676,29
7733,188
4521,185
7904,40
6427,108
1398,52
6711,38
9492,196
2008,79
8984,89
0486,60
0194,83
7636,179
3802,75
0574,187
1221,104
2707,183
4589,155
1291,141
2660,52
2572,116
7354,30
9435,117
4608,92
8904,135
3699,28
0986,84
4791,157
8026,79
5768,89
9804,116
9791,44
9334,152
9250,177
8980,127
6546,37
0636,42
8485,53
2161,195
2303,65
6308,143
9138,156
6094,154
5059,6
4354,44
3258,135
9082,156
9164,63
6951,144
4777,173
2438,191
4795,60
8209,148
2994,34
5525,59
9440,37
7194,81
4562,191
3290,90
0761,106
5321,21
3052,134
0715,159
5691,5
2814,28
0087,170
9415,72
7630,173
8803,115
0601,187
6194,159
4620,62
5851,8
9447,132
2121,135
1144,91
9666,98
1984,110
9418,138
2692,100
6475,173
0237,63
3731,155
3977,22
7080,183
2890,173
0243,148
6900,125
7178,10
7651,48
5313,91
0530,135
4570,66
5539,17
7848,192
6368,152
6847,152
6259,12
0229,182
1018,68
9672,196
0211,49
5961,125
6153,36
9013,57
9817,30
9501,191
2343,159
4248,189
7035,64
5791,114
7681,30
1682,3
5504,152
1223,39
3161,60
8750,157
4023,161
7633,81
4282,125
6734,198
8621,86
6166,39
7057,17
2843,22
3395,106
5818,159
4145,100
1764,8
0764,138
2138,7
2728,86
8119,173
2652,54
3180,3
3312,107
1948,188
2055,180
1721,158
0641,60
6128,77
1849,67
5183,127
8572,72
9855,84
7813,138
8970,185
6028,167
3135,197
3537,27
9195,112
0677,115
8821,8
2990,64
1906,96
5549,7
3674,197
9027,58
3669,54
1002,142
1074,155
3045,180
9756,78
0089,49
5006,151
8929,26
0299,123
7574,81
0070,58
5814,80
4280,38
4047,83
1448,8
3294,62
9243,140
0052,135
7901,48
3181,123
1824,187
8771,41
0857,73
0370,33
7750,99
2519,51
5660,102
6267,23
2485,108
0428,73
6223,28
0968,146
3151,101
6376,101
5737,26
3456,152
6234,131
2322,146
4242,99
8376,126
6604,43
7511,52
9433,9
7745,35
3158,169
1220,16
5902,8
1071,157
5543,148
0050,33
2671,70
0569,50
3605,10
1784,25
9686,170
3278,145
2173,130
8241,15
4476,100
2312,51
5402,80
9623,189
4359,36
8308,105
3117,159
8702,104
4222,6
4824,11
7147,149
1191,101
6215,127
5270,168
9107,19
3752,128
6345,58
2621,129
6587,95
6709,16
5396,129
4726,173
6661,172
3107,144
3077,185
6996,39
6230,96
9257,57
1060,146
6435,100
3930,66
4119,137
7930,108
2112,84
5705,77
3929,107
4793,59
3264,59
3065,60
1646,182
1585,183
8440,134
6634,54
7567,43
6305,185
2557,101
8064,20
6157,31
6088,47
2250,69
6060,127
3037,159
9735,124
6012,113
0235,173
9547,172
2736,72
4935,19
9287,180
6585,17
6111,193
1439,180
7789,78
3723,33
1752,107
6675,22
8410,176
2274,181
5548,114
3454,81
6249,183
4269,33
7646,59
4782,155
6081,110
6708,148
4780,84
5733,194
1168,191
7613,102
6434,121
4873,173
0921,193
6944,166
6705,26
8563,36
9519,108
8796,148
4226,159
0002,159
9861,94
0391,51
9654,52
3847,165
5106,12
0460,147
6043,85
2675,8
2461,153
7483,30
5334,198
8711,26
6143,127
9842,26
2499,173
2947,118
3903,160
4367,191
0930,132
1886,108
9733,36
6819,86
3747,96
4641,28
5274,12
8415,27
8274,54
1459,46
7465,169
6411,181
7412,64
6045,150
5938,101
0133,6
4236,146
0018,173
5573,87
8922,81
6040,125
5605,26
0261,92
3666,18
1023,175
8838,142
7585,154
4315,114
5063,191
8907,66
2311,121
9915,45
9812,91
4387,64
7798,36
3785,129
9393,63
3165,198
1244,42
5922,111
3549,27
7522,117
2276,2
5253,78
3351,136
2165,140
0807,121
7957,95
2731,182
2331,136
6629,158
5344,173
6245,148
3089,173
3511,28
9611,173
2474,148
7880,27
0671,183
3301,188
1360,108
0526,129
7181,192
9739,4
7451,25
4812,36
0309,24
6265,153
6766,8
4906,136
0990,64
3457,39
7923,72
3885,130
5431,43
3880,159
6105,44
5365,17
7586,197
9040,91
6910,142
3945,129
0433,159
5012,30
6409,8
4457,123
7754,39
3205,96
3366,25
1798,87
9270,64
3933,91
5917,56
5967,11
4390,56
2301,58
0187,148
8118,67
6743,89
8521,180
1755,183
4603,152
4548,2
2813,151
5661,68
9599,159
8461,14
0695,59
7618,4
6334,30
0989,56
2998,194
8862,183
1282,180
3859,134
4004,146
4472,62
5786,27
4549,67
2444,60
8366,115
5095,36
2981,51
9131,198
7895,132
8236,124
5749,55
8483,180
8368,111
7026,112
7283,22
1653,52
6995,129
9448,56
3470,55
2702,55
4975,113
9728,139
2956,122
4122,106
5189,107
9429,145
8761,173
7593,106
1606,193
8527,187
6241,154
4752,54
5340,59
2876,128
4253,124
5783,8
2790,129
8382,51
7423,157
0316,26
7107,121
8829,27
5300,42
0292,85
0696,26
5179,127
7876,159
0099,161
9538,165
8513,102
2100,27
8791,140
8054,69
2326,3
5296,89
5493,8
5290,24
6798,19
0420,58
4953,39
5510,25
2220,123
8211,154
5430,44
6148,107
0538,187
9042,19
9227,170
6793,64
4421,27
1929,1
3087,173
2426,149
0371,68
6724,102
0287,77
0040,113
9534,32
6561,190
9692,157
0214,192
9127,108
4214,117
5518,163
4470,193
4256,129
2330,14
5140,27
7457,169
2975,60
0740,114
0532,81
5989,49
1083,102
6095,126
1268,134
3988,12
1941,135
1314,140
4443,42
9012,94
7164,109
0474,173
6473,189
5533,1
4590,19
6938,118
1774,91
0886,111
0265,176
0043,44
3918,22
8295,19
4587,12
9601,173
0942,81
1995,112
4523,150
1679,138
6623,43
0837,53
1013,152
7104,123
1386,98
7998,80
5572,106
5387,121
5655,8
7232,144
4819,161
0702,102
4393,102
0349,12
7855,91
9266,36
8533,108
4239,199
2365,37
2657,185
3507,130
3249,42
2637,25
8095,54
5298,186
8186,68
9521,97
5231,145
1359,143
6868,117
2535,79
9197,44
5470,180
8299,176
2807,115
7712,125
7615,90
1416,92
4528,61
0523,178
3484,33
9014,173
5872,192
1137,18
8226,192
3147,92
8956,134
2972,131
3019,109
6849,89
4666,157
2377,108
9825,123
6141,37
1618,49
2310,135
9363,45
3891,159
7571,37
6352,132
8993,106
6963,161
8654,134
3111,46
9198,140
8614,188
9325,74
9683,130
6136,92
6889,4
0321,137
2347,89
0792,180
7001,141
6762,77
5044,84
2850,63
1406,141
3297,69
7662,53
4605,99
5990,47
2849,173
7368,111
7851,81
0849,161
3115,176
3832,161
7691,133
6430,91
6277,72
0531,124
3826,42
2386,110
7916,57
9064,190
9395,168
1407,21
4788,158
6760,8
1512,102
8457,187
5994,43
7002,20
7762,24
2309,72
9360,47
7821,173
5124,159
7660,176
9073,92
4929,28
8502,95
8111,183
3783,33
6522,14
8545,151
9315,84
4662,12
3143,85
2258,43
3745,67
7244,189
7240,193
3274,142
3807,151
9430,156
7196,91
8446,152
2271,183
3658,96
9511,86
3417,36
8108,187
6879,20
7580,88
9110,2
2423,159
0326,197
0102,194
1262,156
8577,2
7668,190
5831,155
2163,198
8500,46
6843,172
3438,112
9327,124
5148,37
5813,120
6401,180
3187,25
0289,92
2506,18
3178,161
6767,37
0904,91
4857,149
2774,173
0105,1
4534,143
2919,8
4048,124
0268,81
0632,135
5857,159
4741,58
2353,102
4508,18
7647,154
9659,92
0360,142
0609,136
5173,116
7430,132
4475,36
8453,102
1068,112
4469,135
0521,106
1699,3
8058,94
6366,84
3746,25
9092,182
6318,130
0495,44
0304,111
2787,113
3841,22
5109,85
8628,26
1363,122
7252,2
1094,187
9914,46
6331,76
9794,83
5315,193
3968,116
5108,67
6516,33
4083,61
1751,125
6619,117
3458,31
9165,23
7456,185
7223,122
8732,43
5420,97
0307,142
9239,84
6061,131
8101,130
3315,75
3590,165
4516,130
5075,75
9846,55
2550,193
8608,102
3177,21
6883,124
6812,153
4326,12
2040,144
8774,155
0084,96
4215,174
8323,17
3647,52
8537,92
5719,177
2081,44
3455,192
2356,192
0335,183
9875,49
5311,148
3767,6
8432,3
6424,97
9070,28
6727,4
8696,102
7699,156
5927,197
3072,131
2066,36
8261,149
7149,93
5745,30
0448,137
5828,173
0711,197
4147,83
0377,104
7079,125
3530,196
3829,91
0077,25
3209,104
1675,179
4010,132
9413,102
6785,106
4514,81
4124,174
2801,43
7584,102
5678,148
5835,165
3843,5
4814,127
3935,106
6763,183
6290,87
4281,129
4343,77
2970,21
6577,170
5612,179
8927,51
8706,86
6253,27
5001,64
1804,74
5741,177
8777,17
8959,91
7335,176
8322,193
7109,1
4758,135
4432,46
9103,122
5091,22
4308,111
5616,185
7862,111
3536,152
5625,28
0869,90
3947,129
5009,143
3587,60
0818,60
1498,55
3547,197
1988,87
6955,50
8014,186
4817,142
0748,56
9361,198
5392,145
1673,15
7665,62
7763,78
3329,116
6101,194
2897,59
1227,140
2655,64
1899,6
9112,13
9159,198
4249,28
9465,114
4919,178
5985,193
3010,94
5370,60
3247,32
9499,8
0160,123
8830,43
3463,103
9020,84
5255,34
1090,55
9431,197
9052,36
6152,91
7150,22
8542,96
0649,154
6471,20
6736,57
4575,98
1286,96
9443,187
5013,27
0716,183
0897,40
4106,151
3345,135
5221,75
4601,178
9441,74
2714,96
1762,30
0839,68
3958,124
5475,124
2711,43
5727,69
2729,199
8182,124
4998,42
9863,95
4272,78
3534,107
7131,91
1157,8
0660,98
5419,87
9900,159
4809,99
9269,58
9387,8
3941,62
5621,162
7680,66
7166,49
2723,44
8646,159
4398,142
4187,36
1631,42
4290,65
4274,161
4110,58
8507,80
2898,60
4683,48
4203,37
8758,188
3775,123
9823,26
5355,84
1763,82
1263,113
1748,126
5789,28
1128,48
6328,50
1623,13
5337,10
8039,60
2917,12
3467,129
0204,148
9450,94
8372,176
3539,43
1316,182
5331,107
8958,173
7774,155
5948,99
8328,2
5788,90
4790,90
1549,173
0785,16
3155,46
9192,45
9485,112
9412,186
2866,58
3795,49
5653,95
4574,160
0920,91
9741,161
4025,3
6839,152
6196,8
5944,155
9540,183
5642,112
4797,2
9821,193
5310,182
4952,109
5364,197
5734,37
5703,188
6936,105
4983,26
6389,173
6271,1
7805,17
6364,154
7241,6
5551,14
0347,148
6188,143
4977,123
2737,148
7324,78
9049,151
3804,38
2297,31
9148,196
1890,38
4294,176
6321,37
5925,8
6846,120
2060,72
9790,106
8681,135
7940,27
3840,40
2019,8
7576,81
2531,90
3741,146
1257,173
4440,92
3011,145
9023,47
1385,166
9532,161
8239,4
1502,104
9769,193
0518,2
5911,146
2109,114
6946,49
9787,193
9071,99
4688,105
8083,159
7506,2
3574,34
6344,187
8566,180
6140,173
4685,37
0010,100
4680,114
0834,11
6164,1
5596,129
0793,129
0417,124
4807,185
0110,53
9707,123
8759,159
5713,54
6498,192
5679,130
3323,185
9462,114
5949,8
6069,183
5664,59
3871,127
6282,192
6134,166
7742,132
8991,55
4123,95
0001,38
3428,58
1862,32
5285,140
0139,28
7670,90
6288,123
7892,44
4165,84
2265,185
8466,3
7840,2
5565,173
3141,194
1317,158
7122,125
7780,66
5695,85
3051,59
6987,4
1534,101
2869,30
7642,173
7243,120
0890,26
1756,113
0011,61
4370,58
2636,133
4437,113
9523,170
8827,81
9847,193
6126,26
5087,51
1691,188
3167,2
3949,30
8253,177
8310,99
2768,141
6479,106
1292,144
0747,30
6867,185
8708,81
7344,110
0230,118
4399,20
7156,196
5488,180
8522,183
6505,27
0907,75
9753,192
2216,198
3333,103
0240,63
2601,140
7866,55
6821,68
8117,153
1053,38
7393,135
4173,140
1986,6
5509,196
3901,163
3242,28
3020,180
5583,193
7259,58
2140,106
8445,36
8204,183
8739,110
3498,33
0157,78
6558,38
3607,96
6564,185
0730,129
1785,121
8394,42
4448,189
6542,170
0900,194
5610,98
1879,85
1134,62
9038,98
8541,134
7531,34
8406,81
1806,196
6563,4
7282,22
1231,26
0749,91
0653,46
8631,15
4304,188
5545,46
4460,170
7832,157
4595,19
4561,144
7346,173
9649,44
3413,179
6452,44
3883,98
0621,133
4981,58
5166,179
1866,114
6465,182
1573,131
7560,100
3622,124
8898,57
0561,67
5975,190
7286,152
9996,81
1351,114
0358,50
6513,84
1143,196
8077,22
9964,173
6274,75
6673,44
4403,149
2433,6
2553,137
9747,61
9731,92
1815,12
8934,159
5447,98
2767,144
0218,193
1969,192
2225,111
1248,4
6899,135
5982,43
9755,55
7230,36
5648,183
7225,189
1384,193
8593,23
4846,80
2518,22
0390,77
9090,38
2419,68
6393,37
8403,99
7373,59
8481,6
2099,36
8698,107
7975,127
7854,64
0804,76
7755,197
9401,135
0594,191
6804,53
7523,191
1625,34
3283,16
4875,177
4848,124
8671,112
2543,66
7536,104
7967,148
8086,36
3097,180
8987,183
8505,146
7399,144
5953,15
4052,83
4772,44
0587,70
5940,83
5112,26
0769,90
3337,135
3076,17
9704,198
0947,90
7808,43
8757,22
0121,130
3380,27
9210,60
1821,188
3501,3
9253,59
2604,61
0502,60
7996,134
8355,5
8330,116
7679,169
0484,53
9901,112
3940,123
3136,102
6504,139
7294,74
3878,26
7189,98
7086,141
6828,69
4414,87
4939,143
9639,167
4358,129
0073,159
2915,137
3221,156
5325,149
1125,37
0220,80
8974,161
3932,197
7476,35
2941,49
7443,189
6869,126
3683,173
9166,80
9845,73
9065,188
2151,155
8346,37
5131,170
8300,120
5267,111
6107,102
0882,158
7325,36
8978,193
7942,96
4851,152
5490,65
2779,118
9892,127
0447,46
1666,152
3629,32
2177,8
2808,27
9308,47
7190,135
2360,151
7964,108
6490,135
6275,2
7008,62
6236,14
3464,99
7027,93
1301,1
6255,149
5453,28
4663,48
9225,132
0126,152
6503,82
2405,188
5061,121
5223,44
5995,113
1104,98
5711,28
2420,138
8106,109
2267,138
0866,189
6184,187
9597,129
5624,22
4206,192
3611,177
8179,15
7568,37
3393,144
8685,8
5433,125
3030,186
1586,111
7899,92
4917,61
7013,91
7761,27
5487,129
4484,132
1295,83
3281,56
2560,50
0449,50
9221,184
7655,123
1584,125
6106,123
2180,135
4622,106
0476,148
8596,29
3942,104
4501,40
8546,72
2068,135
0592,149
3189,90
1602,187
8233,153
2488,197
8489,159
2687,159
4112,155
2584,97
3371,16
6349,86
8228,33
9301,43
1350,38
6113,6
7889,21
5587,160
7719,49
6730,92
3475,26
8874,36
3149,8
0998,173
4690,185
9187,192
0726,178
2478,1
7188,197
4444,56
3334,3
8516,121
9376,64
1550,131
3916,23
7505,12
2168,6
1361,78
4029,133
8092,83
5147,169
7000,193
8675,123
4946,199
7678,190
3112,83
9206,185
1152,86
1603,187
2041,145
2376,121
0478,173
6830,145
1955,44
2829,69
9115,118
7248,146
4722,139
9490,130
2083,50
8751,43
9527,53
4969,74
1724,84
8317,4
2049,109
0838,26
5683,71
7746,21
3801,186
6247,178
9596,81
6137,141
7300,64
4834,140
2955,113
2096,130
9871,44
6168,12
9989,2
6185,45
4869,106
5169,83
6059,135
7238,130
0637,52
2659,58
8265,4
1633,48
5526,135
0117,49
7110,104
9905,144
8183,89
1366,156
5725,4
9062,52
2129,124
0251,164
0993,98
0656,11
1918,26
2159,187
9814,10
5662,156
0579,26
4674,91
8329,74
1563,66
0313,183
7453,45
2170,84
6314,180
9961,58
3152,86
6551,135
3578,78
8719,185
9067,44
7111,145
6023,111
9406,8
9288,123
0832,81
3403,2
2198,2
8979,20
4618,125
8213,149
5693,36
2889,183
8290,123
8629,36
5823,46
2471,74
8120,129
2950,113
3257,68
7279,117
6002,134
3044,50
9749,178
1511,31
2439,92
7740,79
1637,185
0129,19
3344,37
2026,40
3122,111
3665,61
1254,45
0573,178
8419,189
7281,92
8109,98
9054,83
5156,60
7116,8
6263,77
3286,81
7273,110
1373,133
3998,21
6927,116
1891,102
5393,109
0971,191
4755,81
4295,51
4958,169
9528,3
0039,55
6509,77
5184,105
8203,111
3502,48
1566,121
5178,0
3029,84
7414,173
5699,50
9874,12
3898,134
9335,112
8543,45
5519,3
5778,26
9475,97
2539,187
7253,135
4207,17
0643,100
2044,37
9458,27
4924,130
2905,173
8150,3
2136,169
9168,95
0165,8
0032,30
3740,89
3686,21
5898,118
4192,81
5976,154
5884,29
7960,119
4748,8
6690,159
8469,2
0705,8
4064,173
7617,199
7524,130
6046,113
6074,156
5933,77
4146,45
2364,185
6110,51
2466,34
8331,119
3486,154
8362,111
1229,180
8224,19
3825,188
9060,69
5692,178
1371,16
7247,85
1732,67
1892,17
9016,101
6057,151
5636,1
5083,129
2523,16
8988,125
3074,44
6003,176
7200,35
0860,125
3786,159
4405,130
5082,17
6216,43
2281,60
4884,132
3443,13
0517,121
9535,116
2417,125
2440,107
5576,126
8916,167
2498,78
9843,34
2920,124
2925,161
6159,95
9451,81
5606,120
6914,37
7211,100
4369,81
2880,106
4607,159
0320,44
8797,188
6541,17
7278,191
3763,81
7997,121
6151,149
7883,163
2552,46
9668,19
4363,196
9497,149
8184,132
7500,26
0075,172
5027,148
0048,180
9591,166
3687,102
9378,56
1243,86
7120,198
0206,57
4210,0
2299,128
1372,77
6735,12
9701,44
3114,128
0163,173
0987,24
0047,20
8464,117
6103,159
0790,15
3849,138
0013,0
9324,127
3641,7
1206,2
5250,92
5043,186
1368,125
7573,1
0227,103
4217,1
1388,145
1284,197
6163,198
2533,63
7383,4
8616,111
3541,181
5707,43
3971,113
0906,129
2871,143
3494,98
8948,134
2830,180
4764,50
2035,50
2962,198
6543,130
1404,79
7068,137
5481,198
9810,165
8363,123
2546,20
7264,6
3744,173
1493,95
4567,92
2104,160
4725,22
7330,192
6083,49
9069,188
5524,91
8185,179
6426,48
2122,176
3823,121
3581,30
1107,102
4333,44
0858,80
6237,50
8971,25
1033,141
5207,184
6205,32
8688,154
0414,183
7521,157
9851,71
8408,125
1783,185
9890,120
6679,195
3431,173
4288,95
7231,135
5845,4
1772,191
0704,59
7004,87
5224,28
9280,18
2226,69
2777,21
6616,81
4300,191
2954,104
5980,101
0463,78
2689,40
1026,105
7831,87
9886,99
5759,159
6102,6
4576,78
1761,196
8392,69
3862,83
4137,31
3021,177
4364,179
8001,100
4504,125
5369,180
6209,182
4406,193
6244,91
9549,64
0725,2
9342,55
9006,123
5175,44
7182,188
4531,111
9695,98
6948,124
5240,180
6656,28
2542,81
4787,170
0591,21
5003,173
1853,48
5730,1
5186,6
2145,34
1854,34
4558,73
8060,14
2770,191
8152,17
4424,152
9621,77
1346,59
2363,158
2567,116
7272,92
4801,16
3355,171
0232,173
6686,59
5761,30
6488,173
8745,12
5386,141
9848,185
2043,199
8252,59
7879,45
8135,46
6671,159
4009,148
6190,106
3873,32
6078,22
3058,77
0623,151
3518,114
9760,47
9833,152
1996,84
6279,66
0416,161
0456,159
2410,44
5181,168
4244,123
1267,84
5045,87
9757,159
1797,189
8578,179
3759,127
1620,125
9992,53
2098,82
7480,27
2819,195
3240,138
6758,142
5774,149
1391,154
6931,40
8553,159
3664,2
3601,149
1179,180
9865,189
6876,155
0557,8
8301,188
3342,44
2509,60
4095,57
8437,52
8845,170
1912,187
4365,124
2851,58
6412,188
1958,182
5654,156
1587,32
1354,81
7846,169
7210,1
1108,7
5450,18
1146,10
0109,188
9590,91
2678,37
8768,85
1568,101
6200,12
5469,95
7588,98
9580,34
2193,159
0982,4
7338,4
5870,104
0856,157
2431,76
6882,106
6034,79
2741,126
2595,60
8609,173
2744,154
3241,21
2240,92
7028,80
2948,144
5665,119
5895,106
5335,161
5170,142
9520,35
9954,81
6838,80
2117,100
6972,188
8289,54
8902,108
5412,92
8873,37
9389,188
5445,111
6007,198
6202,1
9854,58
6246,193
1475,189
4932,89
2215,159
0362,96
9488,121
4224,124
6765,30
7795,24
3439,22
2838,6
6567,21
9564,95
6681,130
7082,92
8314,177
3612,51
9261,44
7607,74
1674,12
0436,19
7380,55
4020,91
0122,2
4117,81
1418,146
4704,4
8876,158
7981,83
0505,36
7347,157
4524,45
7239,91
1963,173
8652,49
5464,40
9679,49
9500,51
1509,158
2883,2
3477,123
8371,188
2569,161
0492,179
6006,30
5776,170
0549,107
5428,62
8230,116
7144,120
7915,27
0685,51
2878,125
6877,32
7006,92
0610,42
6578,4
0061,130
9339,135
2157,123
2903,34
5465,114
5152,36
1055,39
7663,18
3000,26
8143,62
3987,170
3389,185
0329,78
6557,191
6127,26
4944,95
3515,173
3099,48
7087,193
0710,107
3069,2
8670,159
1164,134
0131,151
5361,58
7529,152
1180,4
0670,163
3206,53
2429,106
5349,185
3917,108
1364,118
2886,8
5265,124
0810,184
8882,169
1931,59
4999,83
6183,89
5167,35
0135,145
9587,118
0185,129
0614,96
3497,58
0991,138
7594,142
6220,6
1942,70
5913,101
9727,28
0939,74
5603,124
3224,151
6050,84
1710,114
7990,55
4544,188
2924,78
6032,183
3415,8
1795,197
0175,37
3992,37
9782,157
6041,1
0142,87
6446,148
4321,137
0709,107
4652,94
2101,111
9903,178
5237,63
0801,90
3914,2
6653,69
6873,134
6778,23
0196,50
7865,14
1927,26
4170,32
6214,138
1424,128
4672,8
0593,91
4871,49
8931,86
1777,190
8201,81
5134,92
9884,64
7268,93
3282,83
1225,106
5869,40
7345,180
9709,104
5104,123
5680,130
8783,23
2077,112
7160,111
8585,26
3352,180
7777,151
6261,193
4682,127
7516,109
9605,193
9134,153
5462,105
1803,185
8005,18
1884,108
6966,159
1312,163
4181,75
2953,183
6109,45
6678,151
2668,91
7924,2
2372,159
8451,134
1457,59
0375,102
1800,37
6626,74
0893,192
0281,42
4166,47
2706,44
4631,25
9700,99
1775,101
9655,125
1851,50
0413,19
1926,38
3375,192
0645,129
9789,72
6380,197
6414,81
7482,112
4859,151
1110,187
0063,113
7165,56
8225,165
1389,87
3838,129
6668,58
2961,196
9841,157
8450,147
9714,19
4080,1
0106,123
8870,96
6210,91
1966,142
9926,118
2695,52
7213,150
4336,121
5444,152
5401,121
1654,170
9940,90
1528,86
7353,86
6786,115
5972,192
6659,170
9381,92
9139,148
6639,68
5288,123
3168,80
5219,173
5512,98
8857,134
5528,161
0957,83
2899,91
4559,125
7276,23
5194,159
5506,78
4723,167
5577,146
3354,197
8160,173
1310,61
8479,172
0994,38
1737,148
8087,191
4954,45
1613,3
3003,25
5160,64
8348,123
8996,188
1080,193
5094,183
4041,9
0431,141
0879,136
8306,123
1527,176
4957,165
0590,18
0152,195
7637,102
0699,129
6633,43
4368,185
7535,43
8386,132
8833,37
1968,156
6648,66
7558,188
9237,66
5875,44
6449,8
2346,158
7462,84
2712,98
7064,91
1102,83
8594,64
2335,176
3691,37
8188,17
3728,37
1264,74
0823,17
1419,110
8155,69
0588,173
0618,102
8787,185
9278,114
2184,129
3779,133
6574,50
4305,158
6930,18
7913,54
9615,121
8031,12
0674,122
0412,166
3305,54
8938,157
3639,106
8279,100
3602,116
1868,162
0622,197
0082,26
0953,91
9091,192
5690,178
4380,96
4708,87
1279,170
2230,84
1630,73
5241,152
1514,24
9723,26
2318,130
1444,138
5089,130
3120,106
4412,42
2746,73
8065,151
1129,5
5206,60
9120,86
8052,151
8449,189
5110,12
7970,21
5049,129
7320,101
1649,7
3094,155
5064,186
5427,54
9242,14
4950,116
7748,123
6378,21
9005,187
8941,154
4637,20
6756,91
5435,191
3082,12
2715,81
7372,91
0743,10
3160,35
1413,152
0481,185
1392,86
3132,129
0092,184
9507,42
7532,118
7857,104
7504,148
4121,112
5171,198
2085,95
8172,135
3016,117
7177,78
4008,191
8414,106
3729,139
9403,70
3405,92
0245,38
7955,187
9365,188
8835,98
0212,61
9260,62
5726,158
4886,7
8610,8
9011,38
1487,135
1545,157
4799,156
5968,51
7389,4
9869,162
0041,180
7697,2
1952,141
3557,78
4413,109
3757,159
9702,43
2263,107
2414,46
6607,158
1356,36
0828,90
7657,27
7677,124
9375,127
9029,112
0752,91
5000,85
3544,91
6897,106
5339,59
3452,119
6601,44
3252,98
5394,167
0488,148
8737,3
9908,108
5754,183
3799,91
4768,47
2137,152
8027,62
1574,36
8134,140
0639,45
9657,58
1650,38
0967,181
3755,8
1323,50
5987,106
3894,96
1000,112
3685,34
9850,169
5005,161
1232,30
0340,165
8669,166
3054,121
4381,7
9158,12
1754,49
9933,61
6510,103
2244,106
8912,36
6093,154
7825,116
3377,53
8302,3
4495,87
9098,81
4116,8
5002,191
4079,33
0943,54
2091,162
8721,96
8692,26
1155,8
3285,149
2288,69
1588,9
2841,98
3663,193
5079,83
1819,1
6162,102
1369,117
9942,3
4425,198
8519,98
9279,196
3263,85
8561,131
8709,51
7219,46
6350,36
5125,134
6580,161
8557,39
6620,55
0874,42
8601,30
8288,42
6192,111
1817,151
6281,7
9816,142
7910,179
7291,91
4888,26
2541,15
8769,54
9394,37
2893,33
9174,151
9509,8
2764,67
2458,151
2324,151
9881,173
7367,104
9737,173
1547,111
2611,104
8786,185
1780,58
4479,37
6950,50
8439,149
2895,106
4265,144
5498,198
7635,52
0599,65
8943,95
1807,74
0650,90
0873,12
7648,114
3792,151
0581,127
7187,18
1872,60
5937,159
4221,176
6076,175
3895,165
8398,34
8202,26
9089,128
7326,54
9320,177
1501,91
7973,95
1671,62
2172,38
1507,98
2053,189
1434,55
0055,170
7340,106
2010,132
7042,197
8269,112
9345,159
4197,145
7702,130
3432,133
3854,144
8219,88
9105,151
1217,36
2253,157
4916,83
6860,41
2726,63
9537,102
1548,176
3103,17
2845,37
5199,127
7302,60
0936,198
8968,69
9837,107
5040,37
7540,13
8741,2
8767,107
8068,182
2243,130
9708,111
6919,166
7845,135
5508,76
8011,170
8038,129
6591,102
2449,63
2666,80
0014,173
9967,182
0389,52
5906,121
9238,121
8416,132
9147,180
4480,12
6740,81
2662,31
1410,151
6532,41
9271,86
9128,117
5472,193
1525,56
4373,173
3124,120
0158,30
4031,114
1042,35
2930,173
4066,121
8703,81
5950,79
4098,180
1145,96
0480,39
3887,83
0233,173
8207,189
9125,118
3048,112
0551,121
5333,135
4597,121
9983,8
3050,179
1285,76
3012,117
8053,50
2072,198
2946,91
5853,124
1813,86
7095,49
3585,60
8849,142
8705,22
1860,51
0596,141
7791,173
2323,17
6067,173
7032,154
7169,153
4254,176
5138,60
0485,63
5562,118
7669,23
4617,38
1269,155
5072,107
2521,102
4984,113
6602,126
5840,130
2688,18
2693,92
9568,149
7822,49
6582,43
8592,55
6718,111
9586,69
7159,17
6845,183
5245,125
8843,89
4492,27
3701,5
0844,64
0274,118
3104,144
1381,185
0203,154
6813,123
4706,113
0759,81
2635,58
6085,129
2806,173
9407,130
1274,176
9595,43
4505,98
4073,92
5226,117
0322,66
3661,41
3036,197
7687,183
8924,80
6624,37
8028,154
7935,65
7664,188
2002,179
4285,105
5849,135
7365,132
9660,102
3256,95
8393,19
5258,116
8431,58
1151,130
0812,116
9981,64
4938,149
9906,193
7185,42
1672,12
9616,37
8847,91
9829,155
4967,77
4990,188
2280,83
1340,6
4925,159
5848,77
9496,118
5165,130
8891,190
2269,172
2631,34
5136,180
8551,150
7015,36
5764,98
6858,123
3131,193
3990,54
5507,192
8763,144
7183,48
7405,11
7266,60
9570,81
1957,55
7012,152
4776,123
1740,196
3556,154
0780,42
3649,159
5381,153
9947,29
3754,4
3548,39
7083,77
9955,164
9391,129
7329,81
0295,122
7649,30
7009,193
6333,198
8422,127
3296,161
2362,189
1939,41
3620,193
7639,192
8088,92
7559,194
4077,107
6517,130
6677,139
0949,167
1604,59
6417,98
5102,64
5900,34
0850,191
4583,19
1427,50
5820,188
4452,75
1845,12
0985,26
6197,83
2264,185
4942,13
1694,129
9665,62
2987,134
7991,185
7700,81
7016,24
3009,112
4866,193
6594,104
8089,186
1195,113
4019,36
6942,98
3397,124
4739,173
9402,66
9489,161
0365,29
9612,18
8932,18
0969,92
8010,6
1339,154
0955,155
6160,84
1592,196
9364,29
1582,188
2062,72
0467,87
7056,156
3098,66
3113,154
6402,112
6343,58
5135,91
0802,191
8630,22
7310,67
4090,118
7513,142
8462,106
5034,165
1766,176
0563,118
0577,83
2641,193
9572,159
5910,189
3614,8
6787,83
3732,191
9882,84
5554,185
1412,168
3311,102
5458,119
3835,151
3261,103
4526,186
5901,29
9604,140
6115,47
2591,50
9784,110
5794,169
3218,173
3138,5
4240,135
3803,34
2973,181
2751,99
8465,142
1600,173
8918,136
6615,96
2594,144
8860,23
9912,143
2704,151
8057,49
1089,77
6888,101
7261,77
1874,173
8683,90
2371,50
8342,32
7853,173
3906,192
8595,69
7137,27
8000,26
7490,121
3512,179
7170,95
0675,36
0646,123
0629,5
7151,26
1490,84
2634,183
6056,68
5244,158
2605,79
3698,130
8238,157
4337,24
9809,84
5710,27
2006,169
8294,196
6731,17
3751,135
6280,18
7461,121
0271,12
0394,100
6618,98
3953,153
4908,70
3809,96
5569,26
8584,193
3469,172
5451,48
9972,36
6635,173
1593,83
1614,74
2033,135
6375,56
0826,98
6826,72
6354,192
9003,197
5222,173
6916,190
8999,100
1293,126
1378,149
0524,129
0125,110
8212,37
3043,197
2622,82
3505,35
4466,187
7118,137
3424,8
1447,54
4555,140
9021,72
2788,152
7610,184
2000,180
2916,193
6408,35
6232,98
5352,180
7812,66
9426,159
5669,65
9035,152
9022,2
4061,56
0871,102
3735,98
4420,45
8320,47
4307,29
2582,18
0854,130
1061,123
4707,130
3564,155
9322,2
3390,121
7263,118
8921,93
1290,169
2134,35
5391,19
9186,59
5191,86
3473,35
3824,1
0176,151
4948,99
6835,78
1255,46
8701,143
5782,107
6834,44
7295,119
1045,116
4649,173
0085,34
7977,8
0264,55
1115,26
7207,177
3615,77
4107,98
8084,55
4015,124
0803,50
5515,170
1943,180
8910,126
7921,179
8643,60
1273,121
3350,91
9437,8
4058,47
3287,43
2149,172
8123,197
3532,21
8836,10
1579,159
4551,18
5627,189
1031,193
0086,8
3100,108
0341,124
4287,125
4109,148
4497,39
0615,59
9093,149
3794,108
4546,129
7102,87
9160,119
0034,92
1638,10
0333,87
3373,178
8560,36
0894,64
6719,58
6655,128
0951,109
7397,4
0745,162
0734,67
8743,70
3440,44
1945,104
1521,161
1900,128
3081,86
5292,55
0638,123
6784,135
6589,159
3046,197
8805,117
6000,50
5876,121
4417,107
5684,37
7723,121
7621,19
9410,85
2833,183
2257,197
1553,187
1692,188
1970,94
1246,21
2705,77
5116,58
8834,151
4255,64
2404,57
4467,165
9602,8
1773,152
7956,6
0620,102
0602,23
5787,192
3246,6
0798,119
5117,26
1580,153
1810,183
3213,4
3353,77
7449,129
0925,95
0382,58
1967,86
9234,189
2494,120
7703,21
8245,137
5060,148
1972,135
3820,2
9273,132
8104,193
6257,120
5701,157
9330,91
9618,44
8615,98
0306,66
5555,81
4464,101
3900,106
7554,38
3789,8
7421,30
5473,95
7882,52
4204,175
9978,81
6757,61
6191,198
9015,119
9743,188
7606,55
2290,66
8890,51
8158,58
9893,127
4826,175
5685,55
1535,182
1298,26
0140,124
5429,173
3527,101
6807,50
7786,26
4456,136
7652,96
2327,193
4372,95
1642,100
9923,106
5615,133
5054,151
5379,184
5400,91
4910,164
5697,193
7591,11
3694,33
2333,80
7192,159
4599,13
4820,115
4454,151
1313,148
4904,148
8900,146
9189,173
2412,164
8286,124
1135,6
8208,79
7937,33
1133,193
3761,106
4615,149
3673,36
5443,87
0853,81
7319,155
4259,25
2183,81
2782,66
0895,35
0816,91
6739,19
4816,25
2205,171
7966,58
5438,17
1109,185
5318,21
5729,17
1484,173
7180,116
7599,9
5103,103
2835,61
6622,197
3705,176
0630,36
3596,184
4000,142
4775,129
9057,46
6641,92
2456,17
5239,20
5172,9
0814,168
2063,83
4828,21
7318,10
5456,28
4178,128
6953,37
0659,130
0252,161
7539,149
2358,107
6035,137
7108,135
5121,17
6313,132
9143,149
4318,3
4427,118
1237,93
3765,90
0714,39
1186,190
3175,96
9149,134
8496,92
0841,89
2497,161
2991,78
9043,80
0872,20
6075,72
8097,180
0115,148
7627,149
1695,91
7874,140
1464,99
4720,51
0558,169
4320,182
4176,148
4005,33
1327,155
7376,188
4874,135
1454,178
5753,45
9578,129
2089,155
2427,26
0516,105
4303,21
5589,131
6397,111
3369,6
8600,33
1497,157
0664,47
2676,86
5996,127
9688,111
8736,130
1174,129
8222,83
8103,175
0753,154
1554,35
3972,117
6630,46
5619,83
5185,9
4907,13
0811,86
9312,144
5350,173
6806,155
6625,102
9585,49
1429,4
8144,137
7146,102
0821,162
0437,69
7334,139
1458,36
1382,102
5795,101
9889,198
9561,51
9589,140
3675,74
2233,111
1760,6
1443,158
0241,115
0944,1
6499,91
8662,14
9667,64
7690,21
8713,13
2150,148
0213,198
9059,72
7767,198
5278,86
7411,34
0168,12
8287,177
4650,56
3384,83
3646,27
4180,26
9084,12
0170,179
9780,72
5200,125
0025,79
8841,91
6181,102
4163,185
1689,107
8895,6
3229,77
8263,143
5107,86
4371,73
3491,170
0228,129
5303,161
6457,197
6621,83
9313,143
3568,130
5022,130
1956,167
8966,98
4490,108
0642,185
1334,194
8181,74
4261,57
6013,12
4474,173
2206,48
5970,133
5647,197
0004,151
9222,86
2958,36
6811,15
5246,57
1358,84
5188,177
2467,46
9298,173
4715,106
7140,117
5628,3
0395,77
0918,26
0111,87
0958,2
2908,98
6928,119
3217,193
0690,23
4792,33
4974,44
6292,43
1349,62
9600,36
6176,198
4263,102
2926,56
0846,26
0668,148
4493,65
9530,92
1730,0
2884,159
9024,87
6122,157
8023,81
3123,38
0565,168
5474,118
1067,182
0438,73
9651,89
2447,168
0149,91
7246,52
9894,129
8664,18
0372,86
2221,169
1983,161
6568,1
3410,180
8404,169
5677,191
4610,140
6829,179
0222,7
8620,72
1414,21
4024,156
5896,42
5771,199
3660,36
1538,106
6302,46
0744,155
9638,91
9613,60
7541,72
5939,2
4416,166
0578,129
1462,76
8945,133
8619,78
3407,146
3451,169
9215,144
3938,171
9681,44
0819,14
2832,47
0083,49
8868,110
9425,31
0504,144
1041,91
2071,180
5174,23
9405,198
5236,83
1533,6
9224,46
5251,8
3146,173
2275,120
9275,126
9754,62
6355,41
7641,22
7508,81
1242,33
2549,168
5856,139
1707,154
6906,153
2803,165
2443,187
5180,153
3382,22
2179,129
9004,20
2877,71
0995,102
1044,80
5962,69
2508,121
5588,30
5008,32
1711,61
2246,21
5881,64
6795,52
8645,171
8897,135
0707,112
6062,52
7802,155
3964,25
4074,57
6073,30
4324,8
2719,155
4842,152
7258,6
4911,173
6512,182
1595,19
1276,25
2369,188
8766,123
0738,187
1492,116
0885,85
8270,22
2341,119
1437,83
2481,27
7517,159
7075,26
2484,188
8605,103
7654,64
4815,148
2455,131
1944,64
2283,180
8090,125
3214,175
2527,191
0562,35
1636,159
5281,189
2069,15
5338,102
7992,170
5455,106
8744,81
7072,72
6796,17
7447,104
4639,66
1433,188
7534,7
0683,60
2653,126
4036,57
1467,3
3540,19
0851,124
0273,122
9896,185
3108,77
8171,147
7829,30
8765,182
5590,57
0044,151
1865,197
3681,108
4982,40
8277,19
3618,64
5779,21
4465,58
3280,74
3196,95
8724,187
0634,185
3552,23
7619,33
0132,104
4150,77
7265,152
4445,105
1572,41
9711,196
4179,159
1530,159
2859,141
0625,142
7856,28
1570,96
9272,112
8482,54
5613,14
1435,83
9482,178
4126,102
6092,176
9588,133
2350,4
1469,159
0090,92
5025,149
8746,8
6790,170
4987,61
3153,53
6419,177
8412,83
5617,92
6792,188
1727,67
3633,83
2566,192
0905,177
7828,44
1667,83
6649,93
9404,95
2388,37
5479,152
2825,26
3963,116
3975,183
5760,55
3781,92
8145,110
7401,80
5920,60
2680,83
8168,2
9343,84
4038,78
6688,50
5328,146
9104,129
1558,83
1035,44
6700,165
7806,26
1415,12
9911,130
4455,160
0681,173
0336,26
9720,173
7980,81
5931,107
9355,166
5491,135
2385,146
1113,3
6768,60
8776,151
2758,197
8586,124
6149,146
2397,102
9750,89
2261,159
1022,109
3631,75
9856,148
6362,76
6918,134
2469,26
6382,181
1008,123
9935,156
6052,30
0765,45
1039,91
0312,66
4473,29
8075,142
7787,26
0081,96
9932,123
5511,141
9468,124
2391,3
5225,113
2222,159
9086,144
4678,27
8413,26
8305,38
5810,37
4602,176
7515,27
4136,54
5798,180
7631,84
0575,162
1616,58
0088,4
4101,44
1069,72
2939,185
0697,92
8162,124
5631,58
0550,196
4754,83
9689,35
6086,33
9245,63
3289,61
1747,111
7779,50
3525,4
7788,90
2794,128
3974,83
7053,137
2536,51
9778,188
3978,83
1677,146
7410,91
5956,68
6084,90
2510,153
9508,127
9763,37
8504,98
9583,139
3677,159
5463,22
9438,15
8700,66
6123,196
5824,173
2887,118
9132,84
2966,30
6737,96
8216,150
3193,159
3394,15
9289,175
4542,57
0215,110
4849,48
5946,170
3468,73
8022,83
0799,26
9703,79
2153,143
6947,116
7836,182
3531,108
6774,66
2465,135
2178,33
0758,92
1306,86
9362,83
7995,184
8402,43
3684,187
0351,168
6104,41
3874,123
9826,173
5238,69
4193,173
5738,2
6219,135
9931,173
4577,44
6851,151
0130,4
5581,197
1332,48
2507,125
3435,121
1283,74
9434,142
5842,98
8552,83
0833,125
9987,77
6492,130
1202,99
2526,98
9504,151
7509,184
7605,193
3702,14
7810,148
2556,6
0035,61
7684,59
9466,28
4397,119
3626,77
0756,81
4104,13
5936,140
8588,129
3128,189
5495,12
1481,165
1911,124
8762,159
0348,35
4569,135
9607,198
8046,130
4278,47
1483,185
7685,67
0701,18
8012,123
4766,157
0239,157
9579,103
0053,148
1328,191
8326,129
9556,114
9730,26
2524,135
3034,85
7756,38
7548,123
3662,186
4860,198
2577,156
7898,83
9047,20
6381,84
7638,81
1643,188
8569,154
9888,77
2495,96
5007,140
4945,113
7716,50
5446,4
9956,98
9442,155
4171,66
3724,158
7759,138
0946,44
5858,185
2762,82
9332,183
3018,60
7395,164
1997,69
6770,124
5670,185
7176,153
6729,81
2367,47
3309,66
8195,115
5143,56
0401,121
5020,140
0662,10
7439,81
1959,83
1175,58
6530,133
2977,90
5658,192
7298,169
3510,21
1743,1
9213,123
1987,183
3782,17
4763,95
4011,178
1166,124
4912,94
4633,152
6363,33
9220,156
7704,192
0363,55
9153,6
7384,183
4568,12
7359,139
3811,148
1647,110
0509,114
7254,67
2654,23
9001,60
0260,183
0301,125
3119,27
4702,38
5326,151
0353,185
7948,135
6596,149
8992,178
7440,154
8197,105
6808,142
6962,25
6650,15
0143,190
8237,43
8960,7
4148,110
7363,183
9718,7
5784,36
4664,141
0672,188
3619,7
6428,145
0107,123
8571,156
8443,55
6598,183
1951,123
2525,156
8397,37
5529,91
3743,122
2558,140
7153,123
9193,9
3192,79
1428,198
7985,187
2103,140
0186,198
8085,105
0694,192
2957,52
8511,18
1746,41
6256,183
6014,118
5494,117
8177,46
4774,185
0459,121
9773,62
0829,111
6019,17
3207,154
3936,185
8611,112
7632,20
3208,170
8687,193
2013,169
1717,198
5359,75
7031,192
5468,102
0787,115
9184,145
2648,102
2383,83
2650,164
1375,53
7672,91
1876,106
4441,198
8499,10
7255,129
0049,67
2154,67
2708,63
9300,66
7744,66
4660,142
2012,36
0606,50
2592,139
1894,183
4317,140
5932,3
3520,5
0356,7
9768,31
7764,36
0267,15
0189,45
2735,199
9555,102
5537,53
6387,155
4585,46
2278,73
8864,173
6717,128
4753,157
6548,150
3939,135
6801,30
0698,175
4486,160
7088,92
5584,166
9201,110
6941,28
8831,141
5233,90
8908,84
9988,199
3797,107
3553,12
4786,30
1923,76
2570,8
2500,121
5366,9
4811,121
9883,148
5912,168
7403,49
1199,177
1325,81
1539,47
9571,67
5929,22
3159,95
8666,151
3996,191
0250,3
2802,121
0887,2
3017,49
6070,44
3332,89
0585,41
9354,17
0405,26
1020,107
4696,25
7003,92
6303,72
1723,119
6289,11
1079,64
2359,49
2694,178
4858,132
8369,16
1867,159
9820,151
2464,187
1619,61
4611,104
9664,69
7959,50
2724,126
0217,185
8047,199
9699,23
6707,1
8826,176
8784,184
2989,86
7448,119
8863,192
4200,102
7469,141
3232,155
7349,98
6311,193
6525,120
5868,92
3774,36
8937,197
6896,177
2095,39
4120,102
3079,173
7419,139
8147,22
8018,44
3621,86
8334,193
3645,183
4211,64
1822,90
6939,125
3718,6
1608,177
3499,83
9356,193
3028,60
6657,34
3576,8
9676,81
0713,26
8919,126
2021,132
1138,154
7566,193
8953,87
7875,146
9977,199
6358,156
2287,57
6066,123
6861,133
0290,83
6979,159
4862,54
6518,40
8259,40
2776,89
3886,139
8304,162
3437,187
1908,101
2166,75
1660,142
6156,72
8661,68
6026,49
2337,191
8125,55
3139,188
7905,198
3642,105
0589,131
0308,36
2316,124
7863,135
6781,183
9715,144
7950,173
4319,1
3133,80
3830,126
2473,6
6189,173
2380,26
9970,112
8079,89
3142,102
6945,109
6336,37
2294,188
7698,130
7126,26
9652,38
9228,12
1208,50
0479,77
7161,159
6844,161
6448,185
8618,173
4899,119
4856,17
8642,180
7130,156
9598,107
1974,51
5130,173
4352,182
9204,189
9392,159
5696,84
3078,179
1126,65
9832,42
6177,29
0278,83
1011,128
3130,142
3349,54
8319,121
5926,199
0908,165
9775,186
0878,8
8573,70
0263,197
5323,3
7760,44
0342,69
2596,81
2479,61
5907,175
5882,104
7290,173
8800,86
0956,112
1001,185
8291,173
8278,187
2555,111
4174,179
7436,76
3678,130
5602,187
3461,194
1827,50
3420,105
6187,30
4596,53
4002,129
3251,35
2268,197
3710,111
4515,116
9518,64
2771,114
2293,39
7135,131
5817,2
8559,17
9569,79
1181,34
2511,185
3979,93
4716,32
0842,134
3716,111
6020,39
9319,4
3436,26
1735,3
4679,24
7600,130
3722,138
8050,146
3948,14
5558,111
9698,45
5410,5
8016,6
6284,90
6662,99
6926,14
7835,27
5212,26
8458,106
4477,67
9421,58
6461,114
0999,30
4323,187
0357,197
7834,183
5126,74
7267,132
7772,159
4346,117
0408,1
8636,8
7843,128
0515,185
9141,102
6145,106
4345,69
7296,80
3447,168
1739,103
7049,62
3959,28
3480,21
9785,19
4043,57
0499,129
9177,154
7417,55
7487,64
9039,96
5090,170
5546,63
2730,83
4648,14
4724,35
1904,185
2747,119
6750,66
9396,132
9055,111
1786,173
2399,61
1909,69
2800,127
4711,44
2547,33
5294,27
5638,37
3672,159
0975,113
6096,95
9074,118
3197,122
4878,108
6371,124
5209,107
0973,142
7157,190
6404,120
3597,89
2684,159
2328,103
8292,67
9353,102
0978,159
9217,143
5373,121
0501,135
9745,43
6608,63
8667,155
7931,73
0442,72
3966,30
2870,14
0269,148
4404,116
2123,49
4686,2
0169,59
7570,58
5297,158
5088,44
5368,187
5736,51
7867,22
8313,8
0783,90
4251,85
8674,39
0751,86
7986,8
0400,158
6628,12
6309,160
5142,61
5676,117
4078,183
6476,187
7036,123
3399,57
3387,167
0996,182
1982,173
6875,79
4830,64
9514,21
8013,54
3736,49
9876,159
1486,122
9348,81
4675,107
1085,44
9631,30
4167,183
7212,28
2483,3
2082,124
4742,179
9713,191
8205,141
9751,161
2827,0
2644,107
6923,173
3409,158
9346,94
4161,79
2054,168
7974,80
7094,180
3198,92
9357,1
6178,157
9099,43
9995,44
2181,177
0066,27
8361,37
5988,146
9207,56
1611,158
2470,185
5011,57
4450,193
7429,170
3080,180
3095,26
1034,185
2628,28
3772,83
0553,5
1594,169
8677,180
2039,196
3927,46
4721,178
6262,8
4573,43
3712,102
7527,175
7743,154
1440,42
1829,85
4887,188
3521,60
1536,180
3575,102
0325,106
5942,110
9268,51
5564,64
3726,149
4584,92
7073,135
2262,1
4128,197
8324,56
4920,74
9109,35
7054,121
9620,12
2126,26
9857,88
7859,110
2852,114
4216,14
7814,198
1504,55
9824,119
4588,183
7133,105
5592,169
2182,159
8693,196
7928,28
3040,77
6536,127
9858,83
5347,132
3798,86
2024,176
6911,83
2698,113
6306,35
4096,179
1139,96
9299,157
6453,83
5289,40
2896,4
2740,127
3999,85
8811,101
0755,159
8581,119
7551,151
3303,128
1685,6
2034,179
6484,189
8388,128
5262,93
1915,185
3381,47
3164,141
2418,117
6913,8
2133,81
9559,11
3071,116
2646,158
8473,173
0381,69
2927,161
1218,102
8285,62
1277,197
1708,67
1664,91
6614,151
4506,26
8576,39
6999,181
1173,66
2015,80
8042,102
1722,198
1882,161
4889,154
6470,197
7689,130
1105,78
5731,167
2775,36
9416,132
9945,176
1976,159
6994,81
4582,102
5755,146
7999,121
7939,2
5593,109
8528,30
9461,62
9752,53
2389,109
4880,72
4829,1
8856,105
8983,98
5846,182
8603,158
0607,53
8190,12
4429,196
0931,94
6902,191
9515,41
4342,168
1114,113
2982,35
4960,42
8321,125
6529,149
8840,193
3269,131
3302,18
0665,44
3617,173
0627,26
8903,187
6744,111
9294,124
4267,8
0960,87
7766,185
6560,55
4798,72
0154,22
6957,3
1233,92
3793,183
8206,159
2446,30
8420,156
9767,3
2633,165
1831,125
3853,127
1329,165
4218,169
1994,81
9904,16
8865,165
4500,96
9936,124
4185,185
5595,130
9646,92
0200,53
7034,45
8742,102
6150,164
5021,176
2749,85
4189,187
2416,42
5230,179
3140,75
2685,155
0490,42
6385,39
5623,155
6175,86
7342,111
3833,108
5150,60
8612,3
0735,54
5649,37
8678,115
1565,82
9350,130
6884,50
6864,59
2784,145
3583,102
2568,134
3551,138
4051,67
2296,36
3648,175
5827,67
6967,149
7751,148
2938,12
2256,23
6674,168
5960,159
0469,46
0331,127
4141,69
3416,152
2407,39
4586,54
3839,123
1714,116
4063,111
4157,12
0981,15
2176,142
9096,120
4313,154
6726,76
1003,4
7124,66
3571,132
2238,58
0396,135
4054,39
5070,6
6039,165
9994,183
4665,45
7014,153
6080,127
9762,12
1569,62
1559,30
7386,180
7167,102
3412,137
1985,159
5153,153
8142,15
7424,185
1495,172
5999,34
6297,175
7729,38
6535,74
5405,151
2487,22
1581,1
4928,106
7485,112
9805,68
8887,87
8877,30
8231,180
7066,60
6803,154
9998,19
3291,83
6418,21
9463,81
8175,32
7018,137
3031,47
2093,137
2834,63
5196,185
1999,42
1873,178
8048,102
6810,155
8137,8
5775,9
4246,112
7284,55
0137,41
9627,17
5358,47
7872,47
4092,62
6170,135
4017,157
9634,42
3651,79
4794,106
3465,126
1170,60
4684,162
2187,65
5867,44
6672,66
4022,189
1759,132
2565,111
1794,193
8448,149
1352,173
7045,134
5389,155
1288,26
0473,189
6981,186
1048,121
9452,81
3604,79
2273,144
8341,146
9175,112
6429,198
9291,87
9808,126
2709,74
6609,77
0418,17
6815,161
6904,180
1811,82
6119,40
2617,190
8114,101
8493,198
2588,50
2585,53
3426,143
5930,103
9541,19
4892,56
0407,62
4512,24
9323,102
4426,100
0426,129
4669,67
4156,83
0380,54
9663,121
8156,40
4870,196
1449,12
6894,102
5802,109
7696,58
3273,37
6373,98
1421,112
6754,173
8044,173
9384,193
9609,4
2366,53
9916,1
0923,190
9383,179
2538,59
0337,158
8524,33
8460,62
2868,141
5541,173
6820,2
5372,187
7339,107
7356,179
2251,1
8391,33
7323,185
1662,33
5797,90
2639,101
1160,124
9650,102
9852,60
7826,183
3599,173
1064,74
6523,26
0870,160
4642,28
6340,121
1745,11
6138,64
2315,21
5611,12
4468,104
6642,187
4241,185
0019,67
5668,129
7602,45
1771,46
1149,183
3986,60
8338,6
1705,30
2721,50
7407,21
4502,90
4762,155
0386,20
4970,129
8952,188
6573,177
1641,95
7024,193
3472,136
7891,100
7954,91
7362,173
1524,142
2937,176
1188,96
9796,183
8778,163
0680,54
2872,55
9678,154
5260,55
7287,84
8424,192
6293,180
0796,1
7614,145
0471,101
9525,69
2792,156
2186,129
0244,65
3244,37
7887,104
6645,36
4965,6
0959,182
4781,59
3725,112
0782,91
0892,190
3860,160
8339,132
2616,72
0961,108
8853,187
5096,78
4040,2
0216,111
4183,65
7495,191
1234,119
0952,146
8055,14
5582,36
1659,148
3706,143
6173,161
1078,87
2696,41
7069,55
1308,113
4552,131
1826,171
4616,81
8049,177
2014,23
4037,45
3550,156
8871,154
9934,165
3234,190
3446,52
8257,117
1156,118
6632,22
6009,169
0580,61
6251,148
4734,127
1477,156
6201,79
6998,30
5214,66
4900,48
5556,187
4142,55
4286,59
0069,12
3127,35
9691,87
4099,85
1731,161
2197,173
1877,72
1825,145
4757,21
6278,43
1043,151
5416,111
0114,158
0739,105
1029,27
2980,83
5843,179
2325,35
6749,44
2106,106
7433,184
7820,154
4997,111
5418,105
3957,188
3561,169
5065,166
4863,92
2430,106
3359,180
4728,25
2460,98
8354,187
6339,8
7046,188
6588,100
0174,20
3882,193
9859,17
7299,6
5101,48
6929,150
2229,129
9233,107
4802,170
6940,56
1353,142
4959,26
2703,144
7269,140
2520,21
4439,102
1702,137
6398,159
4208,106
4309,10
3313,180
8939,144
7242,190
9178,196
0256,27
6439,44
5375,193
2370,77
3563,8
3748,86
3954,102
0568,178
2454,14
0346,77
7778,173
6547,107
3606,199
9212,177
1450,4
2940,105
9543,68
7544,173
8492,43
1833,19
8429,119
9938,51
1678,54
1499,21
5213,19
0910,136
3105,101
4694,12
7378,26
7735,116
6319,135
6207,171
9680,77
5162,165
6676,111
9119,81
6949,73
6341,157
8153,30
0950,167
0323,84
2056,129
3638,79
4821,60
0723,194
6124,193
2804,156
4654,179
4129,128
4088,160
3749,53
9034,173
1182,113
8858,12
7961,144
2373,111
6805,67
2805,59
9563,2
5563,83
3778,55
1247,192
8122,52
5097,19
6338,179
0468,61
7280,164
0682,106
4681,86
2102,135
6269,136
4933,109
0760,143
0721,12
4837,183
7477,43
9340,171
7620,187
2003,136
0976,159
5689,53
8435,51
1770,78
4653,54
5717,70
0777,36
9506,39
0703,43
5407,55
1465,6
9922,140
8037,49
1485,8
3944,91
6524,198
0628,130
6489,3
3346,37
0508,180
4825,7
7409,19
9838,39
2289,153
8544,193
2496,70
9274,27
6391,153
0179,77
1442,3
2143,135
4291,68
4800,176
6024,198
7292,46
9982,158
5478,188
5482,26
8349,128
1165,124
4872,42
4032,123
7128,118
1333,190
0669,170
1541,77
4629,84
0062,188
1834,120
2156,18
7250,26
5571,100
0635,54
0059,39
4511,161
1531,92
1488,196
9608,198
5513,132
0692,77
8679,27
0648,113
9690,172
9030,8
5889,83
2239,169
0012,159
7543,187
7725,42
3004,178
4635,193
3024,191
5579,60
4845,26
2023,192
7993,8
0840,139
0898,107
4087,107
9460,69
9948,176
2821,184
0600,28
1183,10
0763,125
7214,45
4554,185
5501,90
9487,19
9146,37
3365,127
2515,39
8405,64
4760,38
3970,118
8232,59
1184,19
8625,113
3442,148
2042,151
5542,27
7634,199
0297,58
8244,77
6030,83
0388,84
5934,130
3719,49
0919,140
0451,91
6169,130
2860,21
4656,60
7597,127
3969,80
7598,175
2074,149
9172,60
8589,130
8194,24
8995,144
8312,85
9446,4
7044,81
3101,74
3476,39
6225,118
9124,22
1210,127
1397,84
3670,101
0236,97
9083,81
8828,199
2964,93
2073,180
8981,84
0076,184
4560,157
4268,161
6454,145
8722,90
1686,151
9263,40
9108,26
2609,55
1479,37
2817,143
0291,114
4740,164
5646,6
4591,54
1215,54
6235,122
4332,83
8491,105
4001,58
2837,184
9126,151
4312,55
1820,96
3727,173
2453,120
9941,193
9732,44
6892,129
8815,91
7426,165
3654,47
2743,46
6065,198
6361,65
1859,67
3474,183
2200,41
1402,6
7484,90
7348,64
4727,185
9380,13
6463,86
7197,159
3317,132
3093,17
2155,149
6329,59
0706,191
4701,180
3634,43
2459,177
2317,80
0406,196
4556,77
0546,197
9409,56
6296,137
9907,8
4091,87
5404,58
0571,193
2597,51
4808,99
5426,107
7673,26
1838,157
6997,48
2534,12
1589,104
7785,4
0487,165
9548,110
9454,134
5681,167
3204,88
0750,129
6260,78
4438,43
8192,55
9536,127
4533,58
8534,68
0962,59
9026,13
6254,114
3762,179
3892,61
0266,77
0970,8
9984,193
8098,21
5071,165
2626,47
2152,133
1100,127
8556,177
5476,187
7824,173
2223,132
4070,91
0617,25
8340,193
1116,76
0285,50
1438,44
9056,27
1062,30
8673,28
2530,106
0717,92
2846,195
7091,41
3272,170
5067,55
6555,46
6627,152
9476,115
0657,64
5376,28
3721,44
8390,36
1950,135
1322,6
3738,72
1065,131
3636,104
4356,16
8247,55
9693,102
9194,119
8756,112
0057,180
4491,125
3560,47
4389,106
8714,169
2413,166
5811,173
6431,137
3083,119
5390,198
3088,69
2554,2
0786,74
0824,161
2532,121
5886,69
1474,19
3625,185
7811,96
0784,107
3007,95
6079,185
4810,2
3033,187
9018,119
6880,29
8380,21
2642,155
6327,27
5308,98
3509,59
5859,130
6252,146
6550,55
4627,98
1343,146
3514,47
7235,28
5947,13
1814,121
6720,180
8426,83
0881,99
9205,141
8220,185
4012,105
6031,191
8214,46
3378,159
0624,187
5574,107
8033,193
0700,185
5941,84
8717,184
4890,132
9828,122
8045,92
9694,162
0719,118
5523,198
4667,4
2291,157
0398,119
9622,116
1870,26
1716,143
3788,185
5197,151
4499,81
0528,59
1132,184
7172,125
6310,188
6802,146
1598,139
1058,95
6048,27
9965,171
4770,187
2791,55
3091,182
9470,104
6158,86
6154,197
1905,42
9975,180
5732,107
7912,90
2632,64
4644,164
5362,84
1790,36
3790,33
3027,8
1051,147
6592,129
8913,142
8478,91
4325,32
7459,134
4056,41
6383,102
1177,6
3326,87
3967,185
4923,43
8665,95
4767,193
5307,7
7864,129
1639,34
8268,189
6689,50
2891,53
5601,51
3713,52
4545,70
8076,88
2615,43
1961,75
7382,18
4937,186
7694,11
7316,98
5459,37
6049,128
1098,58
6161,3
8599,161
5084,185
8347,126
3899,74
5057,193
1924,141
0284,93
8315,37
5218,1
8024,72
2913,199
6832,144
4344,36
1005,149
5282,130
2490,27
2551,182
9282,8
9991,73
0113,37
9351,124
9473,198
1319,97
1938,32
4729,8
8875,75
1239,80
2329,19
6360,44
6531,66
9722,84
7933,173
8866,88
6704,184
9420,98
6239,135
2011,64
0676,108
3203,173
3041,126
6090,129
3174,183
4966,112
5618,151
2976,89
0689,18
4738,54
5085,18
9606,106
3330,2
5559,172
7969,55
5991,89
5122,44
4351,126
1843,121
8985,180
7050,35
1430,188
0888,39
4379,172
6572,176
5550,20
4132,74
3125,8
7914,137
9860,188
4789,112
8720,51
8015,158
7452,42
1621,18
7978,4
7578,191
9902,64
5945,128
1847,98
7067,63
1871,8
5855,8
2090,128
9772,135
2017,12
1964,134
2581,105
8994,107
0934,17
2476,132
6842,151
8730,173
5864,129
1256,35
3913,193
0027,22
0496,123
6922,64
0917,55
8989,146
1297,16
9136,90
3186,93
9950,148
3414,121
3489,170
7385,74
6865,157
5074,101
0095,26
1119,141
4751,135
1471,50
7707,94
5004,196
4902,185
0482,75
0684,106
6817,161
0024,30
9051,114
4771,87
7609,92
4374,130
9471,49
4619,140
5439,46
7408,106
6583,132
3608,138
2319,37
8495,185
4882,189
1338,113
7488,4
8447,133
4434,134
2396,57
1280,98
7260,94
4130,62
8336,97
0440,180
3121,112
9729,39
3766,102
9831,37
4301,95
7776,121
7293,26
8218,58
8965,95
9247,91
4028,98
2514,51
7947,66
7492,157
1420,140
0461,61
7351,59
6485,33
5909,92
7739,28
5403,164
5534,151
5833,85
0651,192
9310,191
2489,62
1880,42
1281,131
1812,152
9522,91
4896,64
2195,122
8113,140
9669,37
3171,142
3327,125
9058,117
6406,192
5863,8
3276,131
9719,117
9196,64
4131,92
3828,18
3577,67
2590,193
5963,35
7127,184
9142,64
3331,185
5177,120
3780,191
5974,54
3299,25
6699,98
8370,153
9951,180
4133,71
7666,58
6907,4
9617,187
8480,163
2739,86
9963,76
4565,176
2228,19
5448,190
5471,1
3255,83
3554,172
8733,30
8008,140
2480,148
3562,67
3693,188
6971,114
5395,157
2864,25
9910,165
1355,112
5671,156
4698,8
5301,65
2537,21
7029,149
9000,81
7757,165
2765,65
1362,121
3559,129
5187,80
3924,8
9662,35
0124,50
1431,111
7491,8
8110,173
9866,154
5721,106
1823,8
0980,126
5234,129
4926,2
3814,156
4257,32
1901,20
8892,36
0797,101
1466,38
7823,1
9878,44
0383,130
4697,76
9872,116
9167,184
6180,14
3053,177
6544,102
3067,57
8395,47
0768,7
1809,33
1436,90
0576,128
1278,16
5413,123
9920,17
8262,90
3667,104
5826,61
3922,165
2901,77
5423,67
5014,10
8695,97
1946,30
6893,179
2965,67
6108,158
3558,102
5765,7
9685,168
7392,196
8813,7
8129,10
2403,136
8196,159
6116,158
3002,65
0564,16
3362,23
5252,97
4151,49
1226,176
7322,31
0845,16
9284,123
9533,140
1696,151
9783,106
5422,101
2750,194
1750,80
5532,35
6322,77
3492,141
1054,56
4976,82
8718,4
6862,73
4905,5
6637,22
4761,123
0118,37
5609,32
4127,170
1693,27
2548,159
8727,44
7530,187
2344,64
6323,183
2725,8
1551,145
7222,130
5777,172
7103,27
2501,190
8928,102
1426,156
4298,192
0300,193
2270,146
4655,185
7431,84
9373,26
8884,159
2402,81
3911,169
4626,61
3679,93
3837,54
8438,80
4994,30
3084,157
6586,6
8468,2
7906,197
5035,52
6859,96
7097,118
8490,4
6854,99
7784,142
1728,121
6229,124
1324,130
2038,92
8633,118
3884,96
2840,52
0402,20
4861,173
4989,37
8940,102
4184,78
3821,55
5600,165
0031,37
1305,4
0825,129
9990,114
4283,18
0231,43
3516,99
0298,23
7894,129
3259,183
1394,129
1546,6
7358,126
5249,63
4435,135
6534,193
0023,47
4349,57
7092,29
7709,121
1468,81
7886,24
6665,105
4625,94
5111,160
2135,167
5634,17
6663,92
5129,59
7793,73
9283,94
5993,187
8738,151
6172,44
6270,95
2070,116
8915,39
6956,164
4139,129
0136,81
3157,151
3479,86
6469,72
4541,38
6782,75
2036,117
1049,33
1197,96
0909,6
3704,183
3831,192
0554,50
7552,26
2338,40
5263,187
1335,192
0547,100
5830,28
9626,121
6320,81
1086,43
8337,154
7100,74
6721,173
7444,165
9386,194
4481,92
3535,193
3445,7
2340,163
9822,82
6384,151
2052,37
7317,46
4971,102
1622,78
5899,30
2214,183
7896,185
2839,197
4394,102
2540,188
0896,197
8498,89
9075,173
3984,135
8009,6
8773,113
6100,102
7768,73
2512,124
9558,3
7301,102
9317,19
5706,46
4384,3
1019,169
1816,159
2603,2
9244,84
4331,164
4600,135
7037,104
2030,28
3060,132
4134,114
4943,46
4978,77
2528,145
8942,31
5888,28
2169,106
2171,135
5076,90
7098,98
5887,77
1998,98
4949,77
2912,192
1830,8
2079,44
6018,118
4314,183
7909,113
2210,189
9369,53
2713,45
6356,183
0262,15
6359,160
9455,165
1980,120
5836,72
3855,53
1009,187
9328,28
2836,59
7583,132
0367,121
8240,14
9771,180
4422,46
0815,154
4699,187
3166,173
2789,35
9209,73
5254,86
9632,126
8173,63
2249,38
3126,169
7946,117
1690,185
0017,6
6405,12
1935,3
8668,125
1725,26
5997,121
7460,26
8427,81
1571,56
7783,191
5637,111
7119,83
3383,58
1515,77
1596,173
8617,141
2756,90
2753,84
8475,19
2929,64
7818,112
6131,137
4598,131
2207,164
4220,37
9106,183
0311,4
7454,82
5098,2
1978,35
6011,98
0972,46
7881,123
1947,146
1753,77
2772,151
0385,108
1347,138
4409,95
2025,123
5682,40
6694,172
0616,59
5750,195
1765,159
6581,173
6514,60
7688,114
8793,159
6706,92
7730,158
6917,84
6300,151
0450,179
8726,105
3324,159
4913,161
6400,144
1544,158
6114,170
1365,154
8881,72
9181,130
9725,123
7394,124
6666,48
7099,96
8094,59
1881,118
0567,99
0686,170
3042,51
9957,122
1201,190
0226,26
8128,36
3872,131
5268,151
2351,188
9582,69
8151,96
1670,102
1993,173
6576,160
8249,6
7432,127
7870,30
0929,142
1601,172
8725,166
3361,151
1185,118
2457,135
8963,52
1610,35
7381,36
0339,126
5544,74
7542,116
0966,177
8399,72
4402,125
6416,179
1088,82
8644,32
5739,68
7425,80
0992,174
1788,15
3868,124
7388,102
8819,13
7603,3
7355,26
2923,73
2682,79
7332,84
0238,81
2780,168
5247,60
1342,165
0771,56
0190,146
7797,151
0513,53
1040,75
7809,21
3338,183
4973,160
6058,132
9641,66
1652,46
8167,142
1219,150
8381,25
8281,144
7841,149
7816,12
0831,165
9285,137
8421,179
9736,165
7136,19
9008,4
2842,197
6500,16
3805,133
7952,130
4532,61
2853,155
1701,77
3116,36
5517,151
3237,151
6091,1
6866,180
6064,77
3680,146
4152,68
1193,83
3888,50
8691,185
0303,183
0344,37
8535,186
2057,26
1076,155
3202,100
3861,192
6976,86
3816,22
3934,142
5598,58
6437,3
9993,99
0687,8
3528,196
6746,70
9033,129
4579,18
0327,12
9844,113
5123,17
9336,4
4264,193
6751,91
6466,2
9670,101
4075,58
1902,197
4050,27
5585,132
5141,173
1207,111
6959,173
7710,41
1992,104
5016,137
1417,40
4677,17
5120,125
5819,1
5477,130
7579,134
5604,183
4105,125
3495,188
8063,4
9909,141
7374,134
0820,12
2092,121
7033,74
9400,96
1423,101
2988,144
2224,198
3591,37
0965,76
0029,97
7179,35
5657,123
3827,57
4996,66
2252,144
8284,81
5744,158
6027,111
0877,34
5561,57
8217,73
0736,51
5033,106
1878,157
9044,132
7501,67
1383,98
2107,159
3481,35
5217,16
4676,119
9088,62
9897,173
5580,181
1270,185
9002,157
7396,26
2118,49
0104,131
0155,81
9628,64
1127,51
3956,124
5442,22
0661,128
3865,164
0559,126
9303,117
0224,135
3194,157
9445,124
1651,77
4396,25
3026,105
2436,98
3676,24
2593,17
2909,22
3529,32
5567,196
6833,151
5772,151
6738,6
8867,6
6776,49
9352,155
3277,146
7215,8
6685,92
8472,153
4773,169
0983,54
7364,3
0974,92
5796,163
1047,129
6732,193
9457,30
9408,93
1895,142
3937,187
2349,22
2110,160
1932,180
7984,153
2951,159
5042,42
4030,180
5371,121
3637,129
6545,91
9675,35
4086,92
1082,39
0354,121
8734,51
1791,20
0788,107
7060,99
5190,144
9333,151
2786,91
3154,183
8969,24
1294,53
1792,112
0315,131
8140,60
7123,121
5232,102
5037,41
0000,123
4645,127
1265,90
1205,95
4458,135
4630,131
7494,96
2421,146
7708,30
6924,74
2016,84
4153,178
6540,66
3819,35
0746,81
4710,166
3056,102
1669,77
7749,37
4108,124
2125,50
7971,173
2084,56
6958,20
2064,50
1681,132
2452,188
3808,58
5291,49
3306,119
7455,41
3096,22
9251,61
8909,30
3356,55
1204,30
8888,75
8975,83
4162,100
7643,139
5046,98
9252,130
3265,154
8358,183
1399,69
3292,79
0361,149
1320,111
2874,96
9577,118
1124,30
4877,56
4855,168
7988,185
2573,6
8383,55
7168,160
5457,134
0772,125
7434,167
6422,139
0491,165
4158,46
5235,8
2797,41
4361,26
4687,193
6294,173
9188,21
7441,56
2188,197
2128,175
8967,86
0116,45
6037,148
0183,41
7234,77
7790,57
1236,194
9712,151
6791,72
3504,27
9647,51
0520,159
8850,186
3195,189
0472,64
4864,49
6841,112
5752,80
0525,43
5414,120
6460,46
9203,195
7650,163
3288,37
3429,154
3592,30
6696,5
3635,135
4670,133
3226,196
3402,150
1330,183
1801,44
8396,169
2167,198
8032,158
7893,156
8099,154
9145,23
6816,92
7769,106
5969,21
2589,81
4016,24
1913,11
0378,17
7850,66
2625,16
9645,101
0794,122
7413,12
8494,113
3038,153
6353,148
5155,193
2559,37
5341,24
1059,80
4053,8
9705,173
6993,114
0021,123
9546,107
8112,178
0318,44
1117,133
0808,57
5839,28
2158,193
9862,127
6764,129
2610,151
2545,180
1006,143
2812,6
4140,114
8073,143
2963,138
9674,2
1718,59
6932,30
8276,182
9624,192
6920,127
5540,127
4968,93
1837,134
5893,100
5336,170
8775,61
4293,145
7228,134
2219,88
2486,91
3070,57
1719,67
8816,37
9377,81
0654,58
3806,110
1858,3
7770,42
5675,192
0605,176
2437,94
7420,161
2020,69
1934,153
1989,15
6612,125
9116,1
2861,132
3737,56
7481,128
6759,185
5329,173
8260,161
5208,41
1038,44
9539,0
3341,18
5850,53
2710,18
9494,121
6442,177
8180,112
4578,151
6379,141
5921,67
6268,144
9917,188
9094,59
9653,11
9246,125
9744,180
5157,36
4069,74
8141,173
6722,119
6146,51
5038,118
9529,58
6486,51
2059,191
